name_translations;city_code;country_code;time_zone;code;iata_type;name;coordinates;flightable;Zone;Top151
{'en': 'Addis Ababa Bole International Airport'};ADD;ET;Africa/Addis_Ababa;ADD;airport;Addis Ababa Bole International Airport;{'lat': 8.983759, 'lon': 38.7959};TRUE;Africa / Oceania;1
{'en': 'Malaga Airport'};AGP;ES;Europe/Madrid;AGP;airport;Malaga Airport;{'lat': 36.675182, 'lon': -4.489616};TRUE;Europe;1
{'en': 'Auckland Airport'};AKL;NZ;Pacific/Auckland;AKL;airport;Auckland Airport;{'lat': -37.004787, 'lon': 174.78352};TRUE;Africa / Oceania;1
{'en': 'Houari Boumediene Airport'};ALG;DZ;Africa/Algiers;ALG;airport;Houari Boumediene Airport;{'lat': 36.70058, 'lon': 3.21167};TRUE;Africa / Oceania;1
{'en': 'Amsterdam Airport Schiphol'};AMS;NL;Europe/Amsterdam;AMS;airport;Amsterdam Airport Schiphol;{'lat': 52.30907, 'lon': 4.763385};TRUE;Europe;1
{'en': 'Stockholm Arlanda Airport'};STO;SE;Europe/Stockholm;ARN;airport;Stockholm Arlanda Airport;{'lat': 59.64982, 'lon': 17.930365};TRUE;Europe;1
{'en': 'Eleftherios Venizelos International Airport'};ATH;GR;Europe/Athens;ATH;airport;Eleftherios Venizelos International Airport;{'lat': 37.93635, 'lon': 23.946486};TRUE;Europe;1
{'en': 'Hartsfield-Jackson Atlanta International Airport'};ATL;US;America/New_York;ATL;airport;Hartsfield-Jackson Atlanta International Airport;{'lat': 33.640068, 'lon': -84.44403};TRUE;America;1
{'en': 'Abu Dhabi International Airport'};AUH;AE;Asia/Dubai;AUH;airport;Abu Dhabi International Airport;{'lat': 24.426912, 'lon': 54.645973};TRUE;Asia;1
{'en': 'Antalya Airport'};AYT;TR;Europe/Istanbul;AYT;airport;Antalya Airport;{'lat': 36.89928, 'lon': 30.80135};TRUE;Asia;1
{'en': 'Barcelona-El Prat Airport'};BCN;ES;Europe/Madrid;BCN;airport;Barcelona-El Prat Airport;{'lat': 41.30303, 'lon': 2.07593};TRUE;Europe;1
{'en': 'Suvarnabhumi Airport'};BKK;TH;Asia/Bangkok;BKK;airport;Suvarnabhumi Airport;{'lat': 13.693062, 'lon': 100.752045};TRUE;Asia;1
{'en': 'Kempegowda International Airport'};BLR;IN;Asia/Kolkata;BLR;airport;Kempegowda International Airport;{'lat': 13.198889, 'lon': 77.70556};TRUE;Asia;1
{'en': 'Brisbane Airport'};BNE;AU;Australia/Brisbane;BNE;airport;Brisbane Airport;{'lat': -27.40303, 'lon': 153.10905};TRUE;Africa / Oceania;1
{'en': 'El Dorado International Airport'};BOG;CO;America/Bogota;BOG;airport;El Dorado International Airport;{'lat': 4.698602, 'lon': -74.143135};TRUE;America;1
{'en': 'Chhatrapati Shivaji International Airport'};BOM;IN;Asia/Kolkata;BOM;airport;Chhatrapati Shivaji International Airport;{'lat': 19.095509, 'lon': 72.87497};TRUE;Asia;1
{'en': 'Logan International Airport'};BOS;US;America/New_York;BOS;airport;Logan International Airport;{'lat': 42.36646, 'lon': -71.02018};TRUE;America;1
{'en': 'Brussels Airport'};BRU;BE;Europe/Brussels;BRU;airport;Brussels Airport;{'lat': 50.89717, 'lon': 4.483602};TRUE;Europe;1
{'en': 'Brasilia International Airport'};BSB;BR;America/Sao_Paulo;BSB;airport;Brasilia International Airport;{'lat': -15.869807, 'lon': -47.921486};TRUE;America;1
{'en': 'Budapest Ferenc Liszt International Airport'};BUD;HU;Europe/Budapest;BUD;airport;Budapest Ferenc Liszt International Airport;{'lat': 47.433037, 'lon': 19.261621};TRUE;Europe;1
{'en': 'Cairo International Airport'};CAI;EG;Africa/Cairo;CAI;airport;Cairo International Airport;{'lat': 30.120106, 'lon': 31.40647};TRUE;Africa / Oceania;1
{'en': 'Guangzhou Baiyun International Airport'};CAN;CN;Asia/Shanghai;CAN;airport;Guangzhou Baiyun International Airport;{'lat': 23.387861, 'lon': 113.29734};TRUE;Asia;1
{'en': 'Netaji Subhas Chandra Bose Airport'};CCU;IN;Asia/Kolkata;CCU;airport;Netaji Subhas Chandra Bose Airport;{'lat': 22.64531, 'lon': 88.43931};TRUE;Asia;1
{'en': 'Charles de Gaulle Airport'};PAR;FR;Europe/Paris;CDG;airport;Charles de Gaulle Airport;{'lat': 49.003197, 'lon': 2.567023};TRUE;Europe;1
{'en': 'Soekarno-Hatta International Airport'};JKT;ID;Asia/Jakarta;CGK;airport;Soekarno-Hatta International Airport;{'lat': -6.130643, 'lon': 106.655525};TRUE;Asia;1
{'en': 'Zhengzhou Xinzheng Airport'};CGO;CN;Asia/Shanghai;CGO;airport;Zhengzhou Xinzheng Airport;{'lat': 34.52752, 'lon': 113.84024};TRUE;Asia;1
{'en': 'Jeju International Airport'};CJU;KR;Asia/Seoul;CJU;airport;Jeju International Airport;{'lat': 33.5067, 'lon': 126.49312};TRUE;Asia;1
{'en': 'Chongqing Jiangbei International Airport'};CKG;CN;Asia/Shanghai;CKG;airport;Chongqing Jiangbei International Airport;{'lat': 29.72034, 'lon': 106.63408};TRUE;Asia;1
{'en': 'Charlotte Douglas International Airport'};CLT;US;America/New_York;CLT;airport;Charlotte Douglas International Airport;{'lat': 35.219166, 'lon': -80.93584};TRUE;America;1
{'en': 'Mohamed V International Airport'};CMN;MA;Africa/Casablanca;CMN;airport;Mohamed V International Airport;{'lat': 33.36667, 'lon': -7.586667};TRUE;Africa / Oceania;1
{'en': 'Tancredo Neves International Airport'};BHZ;BR;America/Sao_Paulo;CNF;airport;Tancredo Neves International Airport;{'lat': -19.632418, 'lon': -43.963215};TRUE;America;1
{'en': 'Copenhagen Airport'};CPH;DK;Europe/Copenhagen;CPH;airport;Copenhagen Airport;{'lat': 55.62905, 'lon': 12.647601};TRUE;Europe;1
{'en': 'Cape Town International Airport'};CPT;ZA;Africa/Johannesburg;CPT;airport;Cape Town International Airport;{'lat': -33.968906, 'lon': 18.596489};TRUE;Africa / Oceania;1
{'en': 'Changsha Huanghua Airport'};CSX;CN;Asia/Shanghai;CSX;airport;Changsha Huanghua Airport;{'lat': 28.193336, 'lon': 113.21459};TRUE;Asia;1
{'en': 'New Chitose Airport'};SPK;JP;Asia/Tokyo;CTS;airport;New Chitose Airport;{'lat': 42.78728, 'lon': 141.68134};TRUE;Asia;1
{'en': 'Chengdu Shuangliu International Airport'};CTU;CN;Asia/Shanghai;CTU;airport;Chengdu Shuangliu International Airport;{'lat': 30.581135, 'lon': 103.9568};TRUE;Asia;1
{'en': 'Cancun International Airport'};CUN;MX;America/Cancun;CUN;airport;Cancun International Airport;{'lat': 21.040457, 'lon': -86.874435};TRUE;America;1
{'en': 'Da Nang International Airport'};DAD;VN;Asia/Ho_Chi_Minh;DAD;airport;Da Nang International Airport;{'lat': 16.055399, 'lon': 108.20298};TRUE;Asia;1
{'en': 'Ronald Reagan National Airport'};WAS;US;America/New_York;DCA;airport;Ronald Reagan National Airport;{'lat': 38.853436, 'lon': -77.04346};TRUE;America;1
{'en': 'Indira Gandhi International Airport'};DEL;IN;Asia/Kolkata;DEL;airport;Indira Gandhi International Airport;{'lat': 28.556555, 'lon': 77.10079};TRUE;Asia;1
{'en': 'Denver International Airport'};DEN;US;America/Denver;DEN;airport;Denver International Airport;{'lat': 39.84939, 'lon': -104.672844};TRUE;America;1
{'en': 'Dallas/Fort Worth International Airport'};DFW;US;America/Chicago;DFW;airport;Dallas/Fort Worth International Airport;{'lat': 32.89746, 'lon': -97.036125};TRUE;America;1
{'en': 'Moscow Domodedovo Airport'};MOW;RU;Europe/Moscow;DME;airport;Moscow Domodedovo Airport;{'lat': 55.414566, 'lon': 37.899494};TRUE;Asia;1
{'en': 'Hamad International Airport'};DOH;QA;Asia/Qatar;DOH;airport;Hamad International Airport;{'lat': 25.267569, 'lon': 51.558067};TRUE;Asia;1
{'en': 'Ngurah Rai International Airport'};DPS;ID;Asia/Makassar;DPS;airport;Ngurah Rai International Airport;{'lat': -8.74446, 'lon': 115.16331};TRUE;Asia;1
{'en': 'Detroit Metropolitan Wayne County Airport'};DTT;US;America/Detroit;DTW;airport;Detroit Metropolitan Wayne County Airport;{'lat': 42.20781, 'lon': -83.35605};TRUE;America;1
{'en': 'Dublin Airport'};DUB;IE;Europe/Dublin;DUB;airport;Dublin Airport;{'lat': 53.42728, 'lon': -6.24357};TRUE;Europe;1
{'en': 'Dusseldorf International Airport'};DUS;DE;Europe/Berlin;DUS;airport;Dusseldorf International Airport;{'lat': 51.278328, 'lon': 6.76558};TRUE;Europe;1
{'en': 'Dubai Airport'};DXB;AE;Asia/Dubai;DXB;airport;Dubai Airport;{'lat': 25.248665, 'lon': 55.352917};TRUE;Asia;1
{'en': 'Newark Liberty International Airport'};NYC;US;America/New_York;EWR;airport;Newark Liberty International Airport;{'lat': 40.68907, 'lon': -74.17876};TRUE;America;1
{'en': 'Ministro Pistarini Airport'};BUE;AR;America/Argentina/Buenos_Aires;EZE;airport;Ministro Pistarini Airport;{'lat': -34.81273, 'lon': -58.539833};TRUE;America;1
{'en': 'Leonardo da Vinci-Fiumicino Airport'};ROM;IT;Europe/Rome;FCO;airport;Leonardo da Vinci-Fiumicino Airport;{'lat': 41.794594, 'lon': 12.250346};TRUE;Europe;1
{'en': 'Fort Lauderdale-Hollywood International Airport'};FLL;US;America/New_York;FLL;airport;Fort Lauderdale-Hollywood International Airport;{'lat': 26.071491, 'lon': -80.144905};TRUE;America;1
{'en': 'Frankfurt Airport'};FRA;DE;Europe/Berlin;FRA;airport;Frankfurt Airport;{'lat': 50.050735, 'lon': 8.570773};TRUE;Europe;1
{'en': 'Fukuoka Airport'};FUK;JP;Asia/Tokyo;FUK;airport;Fukuoka Airport;{'lat': 33.584286, 'lon': 130.4439};TRUE;Asia;1
{'en': 'Don Miguel Hidal Y Costilla International Airport'};GDL;MX;America/Mexico_City;GDL;airport;Don Miguel Hidal Y Costilla International Airport;{'lat': 20.525198, 'lon': -103.29921};TRUE;America;1
{'en': 'Galeao Antonio Carlos Jobim International Airport'};RIO;BR;America/Sao_Paulo;GIG;airport;Galeao Antonio Carlos Jobim International Airport;{'lat': -22.814653, 'lon': -43.24651};TRUE;America;1
{'en': 'Sao Paulo-Guarulhos International Airport'};SAO;BR;America/Sao_Paulo;GRU;airport;Sao Paulo-Guarulhos International Airport;{'lat': -23.425669, 'lon': -46.481926};TRUE;America;1
{'en': 'Geneve Airport'};GVA;CH;Europe/Zurich;GVA;airport;Geneve Airport;{'lat': 46.229633, 'lon': 6.105774};TRUE;Europe;1
{'en': 'Haikou Airport'};HAK;CN;Asia/Shanghai;HAK;airport;Haikou Airport;{'lat': 19.941612, 'lon': 110.45717};TRUE;Asia;1
{'en': 'Hamburg Airport'};HAM;DE;Europe/Berlin;HAM;airport;Hamburg Airport;{'lat': 53.63128, 'lon': 10.006414};TRUE;Europe;1
{'en': 'Noi Bai International Airport'};HAN;VN;Asia/Ho_Chi_Minh;HAN;airport;Noi Bai International Airport;{'lat': 21.214184, 'lon': 105.802826};TRUE;Asia;1
{'en': 'Helsinki-Vantaa Airport'};HEL;FI;Europe/Helsinki;HEL;airport;Helsinki-Vantaa Airport;{'lat': 60.31795, 'lon': 24.96645};TRUE;Europe;1
{'en': 'Hangzhou Xiaoshan International Airport'};HGH;CN;Asia/Shanghai;HGH;airport;Hangzhou Xiaoshan International Airport;{'lat': 30.236935, 'lon': 120.43236};TRUE;Asia;1
{'en': 'Hong Kong International Airport'};HKG;HK;Asia/Hong_Kong;HKG;airport;Hong Kong International Airport;{'lat': 22.315248, 'lon': 113.93649};TRUE;Asia;1
{'en': 'Haneda Airport'};TYO;JP;Asia/Tokyo;HND;airport;Haneda Airport;{'lat': 35.54907, 'lon': 139.78453};TRUE;Asia;1
{'en': 'Rajiv Gandhi International Airport'};HYD;IN;Asia/Kolkata;HYD;airport;Rajiv Gandhi International Airport;{'lat': 17.24, 'lon': 78.428055};TRUE;Asia;1
{'en': 'Washington Dulles International Airport'};WAS;US;America/New_York;IAD;airport;Washington Dulles International Airport;{'lat': 38.95315, 'lon': -77.44774};TRUE;America;1
{'en': 'George Bush Intercontinental Airport'};HOU;US;America/Chicago;IAH;airport;George Bush Intercontinental Airport;{'lat': 29.983334, 'lon': -95.34};TRUE;America;1
{'en': 'Incheon International Airport'};SEL;KR;Asia/Seoul;ICN;airport;Incheon International Airport;{'lat': 37.448524, 'lon': 126.45123};TRUE;Asia;1
{'en': 'Istanbul New Airport'};IST;TR;Europe/Istanbul;IST;airport;Istanbul New Airport;{'lat': 40.9769, 'lon': 28.82055};TRUE;Asia;1
{'en': 'King Abdulaziz International Airport'};JED;SA;Asia/Riyadh;JED;airport;King Abdulaziz International Airport;{'lat': 21.670233, 'lon': 39.150578};TRUE;Asia;1
{'en': 'John F. Kennedy International Airport'};NYC;US;America/New_York;JFK;airport;John F. Kennedy International Airport;{'lat': 40.642334, 'lon': -73.78817};TRUE;America;1
{'en': 'O.R. Tambo International Airport'};JNB;ZA;Africa/Johannesburg;JNB;airport;O.R. Tambo International Airport;{'lat': -26.132664, 'lon': 28.231314};TRUE;Africa / Oceania;1
{'en': 'Boryspil International Airport'};IEV;UA;Europe/Kiev;KBP;airport;Boryspil International Airport;{'lat': 50.341244, 'lon': 30.895206};TRUE;Europe;1
{'en': 'Kansai International Airport'};OSA;JP;Asia/Tokyo;KIX;airport;Kansai International Airport;{'lat': 34.43533, 'lon': 135.24397};TRUE;Asia;1
{'en': 'Kunming Changshui International Airport'};KMG;CN;Asia/Shanghai;KMG;airport;Kunming Changshui International Airport;{'lat': 25.101944, 'lon': 102.92917};TRUE;Asia;1
{'en': 'Kuala Lumpur International Airport'};KUL;MY;Asia/Kuala_Lumpur;KUL;airport;Kuala Lumpur International Airport;{'lat': 2.755672, 'lon': 101.70539};TRUE;Asia;1
{'en': 'Kuwait International Airport'};KWI;KW;Asia/Kuwait;KWI;airport;Kuwait International Airport;{'lat': 29.240116, 'lon': 47.971252};TRUE;Asia;1
{'en': 'McCarran International Airport'};LAS;US;America/Los_Angeles;LAS;airport;McCarran International Airport;{'lat': 36.086945, 'lon': -115.1486};TRUE;America;1
{'en': 'Los Angeles International Airport'};LAX;US;America/Los_Angeles;LAX;airport;Los Angeles International Airport;{'lat': 33.943398, 'lon': -118.40828};TRUE;America;1
{'en': 'Pulkovo Airport'};LED;RU;Europe/Moscow;LED;airport;Pulkovo Airport;{'lat': 59.806084, 'lon': 30.3083};TRUE;Asia;1
{'en': 'LaGuardia Airport'};NYC;US;America/New_York;LGA;airport;LaGuardia Airport;{'lat': 40.774254, 'lon': -73.87162};TRUE;America;1
{'en': 'London Gatwick Airport'};LON;GB;Europe/London;LGW;airport;London Gatwick Airport;{'lat': 51.156807, 'lon': -0.161863};TRUE;Europe;1
{'en': 'London Heathrow Airport'};LON;GB;Europe/London;LHR;airport;London Heathrow Airport;{'lat': 51.469604, 'lon': -0.453566};TRUE;Europe;1
{'en': 'Jorge Chavez International Airport'};LIM;PE;America/Lima;LIM;airport;Jorge Chavez International Airport;{'lat': -12.019421, 'lon': -77.107666};TRUE;America;1
{'en': 'Lisbon Portela Airport'};LIS;PT;Europe/Lisbon;LIS;airport;Lisbon Portela Airport;{'lat': 38.770042, 'lon': -9.128165};TRUE;Europe;1
{'en': 'Murtala Muhammed International Airport'};LOS;NG;Africa/Lagos;LOS;airport;Murtala Muhammed International Airport;{'lat': 6.577871, 'lon': 3.321178};TRUE;Africa / Oceania;1
{'en': 'Chennai Airport'};MAA;IN;Asia/Kolkata;MAA;airport;Chennai Airport;{'lat': 12.982267, 'lon': 80.16378};TRUE;Asia;1
{'en': 'Adolfo Suarez Madrid-Barajas Airport'};MAD;ES;Europe/Madrid;MAD;airport;Adolfo Suarez Madrid-Barajas Airport;{'lat': 40.46515, 'lon': -3.570209};TRUE;Europe;1
{'en': 'Manchester Airport'};MAN;GB;Europe/London;MAN;airport;Manchester Airport;{'lat': 53.362907, 'lon': -2.273354};TRUE;Europe;1
{'en': 'Orlando International Airport'};ORL;US;America/New_York;MCO;airport;Orlando International Airport;{'lat': 28.432177, 'lon': -81.308304};TRUE;America;1
{'en': 'Jose Maria Cordova International Airport'};MDE;CO;America/Bogota;MDE;airport;Jose Maria Cordova International Airport;{'lat': 6.171382, 'lon': -75.42821};TRUE;America;1
{'en': 'Chicago Midway International Airport'};CHI;US;America/Chicago;MDW;airport;Chicago Midway International Airport;{'lat': 41.788136, 'lon': -87.74087};TRUE;America;1
{'en': 'Tullamarine Airport'};MEL;AU;Australia/Melbourne;MEL;airport;Tullamarine Airport;{'lat': -37.669613, 'lon': 144.84978};TRUE;Africa / Oceania;1
{'en': 'Benito Juarez International Airport'};MEX;MX;America/Mexico_City;MEX;airport;Benito Juarez International Airport;{'lat': 19.435278, 'lon': -99.07278};TRUE;America;1
{'en': 'Miami International Airport'};MIA;US;America/New_York;MIA;airport;Miami International Airport;{'lat': 25.796, 'lon': -80.27824};TRUE;America;1
{'en': 'Ninoy Aquino International Airport'};MNL;PH;Asia/Manila;MNL;airport;Ninoy Aquino International Airport;{'lat': 14.509602, 'lon': 121.01251};TRUE;Asia;1
{'en': 'Minneapolis-St. Paul International Airport'};MSP;US;America/Chicago;MSP;airport;Minneapolis-St. Paul International Airport;{'lat': 44.883015, 'lon': -93.21092};TRUE;America;1
{'en': 'Gen Mariano Escobedo Airport'};MTY;MX;America/Monterrey;MTY;airport;Gen Mariano Escobedo Airport;{'lat': 25.77657, 'lon': -100.114395};TRUE;America;1
{'en': 'Franz Josef Strauss Airport'};MUC;DE;Europe/Berlin;MUC;airport;Franz Josef Strauss Airport;{'lat': 48.353004, 'lon': 11.790143};TRUE;Europe;1
{'en': 'Milano Malpensa Airport'};MIL;IT;Europe/Rome;MXP;airport;Milano Malpensa Airport;{'lat': 45.627403, 'lon': 8.71237};TRUE;Europe;1
{'en': 'Jomo Kenyatta International Airport'};NBO;KE;Africa/Nairobi;NBO;airport;Jomo Kenyatta International Airport;{'lat': -1.319167, 'lon': 36.92578};TRUE;Africa / Oceania;1
{'en': 'Nanjing Lukou International Airport'};NKG;CN;Asia/Shanghai;NKG;airport;Nanjing Lukou International Airport;{'lat': 31.735737, 'lon': 118.86652};TRUE;Asia;1
{'en': 'Narita International Airport'};TYO;JP;Asia/Tokyo;NRT;airport;Narita International Airport;{'lat': 35.773212, 'lon': 140.38744};TRUE;Asia;1
"{'en': ""O'Hare International Airport""}";CHI;US;America/Chicago;ORD;airport;O'Hare International Airport;{'lat': 41.976913, 'lon': -87.90488};TRUE;America;1
{'en': 'Paris Orly Airport'};PAR;FR;Europe/Paris;ORY;airport;Paris Orly Airport;{'lat': 48.728283, 'lon': 2.3597};TRUE;Europe;1
{'en': 'Oslo Airport Gardermoen'};OSL;NO;Europe/Oslo;OSL;airport;Oslo Airport Gardermoen;{'lat': 60.19419, 'lon': 11.100411};TRUE;Europe;1
{'en': 'Bucharest Henri Coanda International Airport'};BUH;RO;Europe/Bucharest;OTP;airport;Bucharest Henri Coanda International Airport;{'lat': 44.571156, 'lon': 26.077063};TRUE;Europe;1
{'en': 'Beijing Capital International Airport'};BJS;CN;Asia/Shanghai;PEK;airport;Beijing Capital International Airport;{'lat': 40.078537, 'lon': 116.5871};TRUE;Asia;1
{'en': 'Perth Airport'};PER;AU;Australia/Perth;PER;airport;Perth Airport;{'lat': -31.933603, 'lon': 115.960236};TRUE;Africa / Oceania;1
{'en': 'Philadelphia International Airport'};PHL;US;America/New_York;PHL;airport;Philadelphia International Airport;{'lat': 39.87641, 'lon': -75.2433};TRUE;America;1
{'en': 'Phoenix Sky Harbor International Airport'};PHX;US;America/Phoenix;PHX;airport;Phoenix Sky Harbor International Airport;{'lat': 33.435036, 'lon': -112.00016};TRUE;America;1
{'en': 'Palma de Mallorca Airport'};PMI;ES;Europe/Madrid;PMI;airport;Palma de Mallorca Airport;{'lat': 39.547653, 'lon': 2.730388};TRUE;Europe;1
{'en': 'Vaclav Havel Airport Prague'};PRG;CZ;Europe/Prague;PRG;airport;Vaclav Havel Airport Prague;{'lat': 50.10619, 'lon': 14.266638};TRUE;Europe;1
{'en': 'Tocumen International Airport'};PTY;PA;America/Panama;PTY;airport;Tocumen International Airport;{'lat': 9.066897, 'lon': -79.38764};TRUE;America;1
{'en': 'Gimhae International Airport'};PUS;KR;Asia/Seoul;PUS;airport;Gimhae International Airport;{'lat': 35.179317, 'lon': 128.94873};TRUE;Asia;1
{'en': 'Shanghai Pudong International Airport'};SHA;CN;Asia/Shanghai;PVG;airport;Shanghai Pudong International Airport;{'lat': 31.151825, 'lon': 121.799805};TRUE;Asia;1
{'en': 'King Khaled International Airport'};RUH;SA;Asia/Riyadh;RUH;airport;King Khaled International Airport;{'lat': 24.95929, 'lon': 46.702877};TRUE;Asia;1
{'en': 'San Diego International Airport'};SAN;US;America/Los_Angeles;SAN;airport;San Diego International Airport;{'lat': 32.731937, 'lon': -117.19731};TRUE;America;1
{'en': 'Sabiha Gokcen International Airport'};IST;TR;Europe/Istanbul;SAW;airport;Sabiha Gokcen International Airport;{'lat': 40.904675, 'lon': 29.309189};TRUE;Asia;1
{'en': 'Arturo Merino Benitez Airport'};SCL;CL;America/Santiago;SCL;airport;Arturo Merino Benitez Airport;{'lat': -33.397175, 'lon': -70.79382};TRUE;America;1
{'en': 'Seattle-Tacoma International Airport'};SEA;US;America/Los_Angeles;SEA;airport;Seattle-Tacoma International Airport;{'lat': 47.44384, 'lon': -122.301735};TRUE;America;1
{'en': 'San Francisco International Airport'};SFO;US;America/Los_Angeles;SFO;airport;San Francisco International Airport;{'lat': 37.615215, 'lon': -122.38988};TRUE;America;1
{'en': 'Tan Son Nhat International Airport'};SGN;VN;Asia/Ho_Chi_Minh;SGN;airport;Tan Son Nhat International Airport;{'lat': 10.813045, 'lon': 106.662476};TRUE;Asia;1
{'en': 'Shenyang Taoxian International Airport'};SHE;CN;Asia/Shanghai;SHE;airport;Shenyang Taoxian International Airport;{'lat': 41.861084, 'lon': 123.426926};TRUE;Asia;1
{'en': 'Sharjah International Airport'};SHJ;AE;Asia/Dubai;SHJ;airport;Sharjah International Airport;{'lat': 25.320873, 'lon': 55.52029};TRUE;Asia;1
{'en': 'Changi International Airport'};SIN;SG;Asia/Singapore;SIN;airport;Changi International Airport;{'lat': 1.361173, 'lon': 103.990204};TRUE;Asia;1
{'en': 'Salt Lake City International Airport'};SLC;US;America/Denver;SLC;airport;Salt Lake City International Airport;{'lat': 40.785645, 'lon': -111.980675};TRUE;America;1
{'en': 'Stansted Airport'};LON;GB;Europe/London;STN;airport;Stansted Airport;{'lat': 51.889267, 'lon': 0.262703};TRUE;Europe;1
{'en': 'Juanda International Airport'};SUB;ID;Asia/Jakarta;SUB;airport;Juanda International Airport;{'lat': -7.38387, 'lon': 112.77724};TRUE;Asia;1
{'en': 'Sheremetyevo International Airport'};MOW;RU;Europe/Moscow;SVO;airport;Sheremetyevo International Airport;{'lat': 55.966324, 'lon': 37.416573};TRUE;Asia;1
{'en': 'Sydney (Kingsford Smith) Airport'};SYD;AU;Australia/Sydney;SYD;airport;Sydney (Kingsford Smith) Airport;{'lat': -33.932922, 'lon': 151.1799};TRUE;Africa / Oceania;1
"{'en': ""Shenzhen Bao'an International Airport""}";SZX;CN;Asia/Shanghai;SZX;airport;Shenzhen Bao'an International Airport;{'lat': 22.639444, 'lon': 113.81084};TRUE;Asia;1
{'en': 'Qingdao Jiaodong International'};TAO;CN;Asia/Shanghai;TAO;airport;Qingdao Jiaodong International;{'lat': 36.265884, 'lon': 120.38236};TRUE;Asia;1
{'en': 'Ben Gurion International Airport'};TLV;IL;Asia/Jerusalem;TLV;airport;Ben Gurion International Airport;{'lat': 32.000454, 'lon': 34.870743};TRUE;Asia;1
{'en': 'Tampa International Airport'};TPA;US;America/New_York;TPA;airport;Tampa International Airport;{'lat': 27.97987, 'lon': -82.535416};TRUE;America;1
{'en': 'Taiwan Taoyuan International Airport'};TPE;TW;Asia/Taipei;TPE;airport;Taiwan Taoyuan International Airport;{'lat': 25.07639, 'lon': 121.22389};TRUE;Asia;1
{'en': 'Tianjin Binhai International Airport'};TSN;CN;Asia/Shanghai;TSN;airport;Tianjin Binhai International Airport;{'lat': 39.122627, 'lon': 117.3399};TRUE;Asia;1
{'en': 'Viracopos Airport'};SAO;BR;America/Sao_Paulo;VCP;airport;Viracopos Airport;{'lat': -23.009892, 'lon': -47.141674};TRUE;America;1
{'en': 'Vienna International Airport'};VIE;AT;Europe/Vienna;VIE;airport;Vienna International Airport;{'lat': 48.11972, 'lon': 16.563583};TRUE;Europe;1
{'en': 'Vnukovo Airport'};MOW;RU;Europe/Moscow;VKO;airport;Vnukovo Airport;{'lat': 55.60315, 'lon': 37.2921};TRUE;Asia;1
{'en': 'Frederic Chopin Airport'};WAW;PL;Europe/Warsaw;WAW;airport;Frederic Chopin Airport;{'lat': 52.170906, 'lon': 20.97329};TRUE;Europe;1
{'en': 'Wuhan Tianhe International Airport'};WUH;CN;Asia/Shanghai;WUH;airport;Wuhan Tianhe International Airport;{'lat': 30.776598, 'lon': 114.209625};TRUE;Asia;1
{'en': 'Xianyang International Airport'};SIA;CN;Asia/Shanghai;XIY;airport;Xianyang International Airport;{'lat': 34.441154, 'lon': 108.75605};TRUE;Asia;1
{'en': 'Xiamen Gaoqi International Airport'};XMN;CN;Asia/Shanghai;XMN;airport;Xiamen Gaoqi International Airport;{'lat': 24.536882, 'lon': 118.1275};TRUE;Asia;1
{'en': 'Montreal-Pierre Elliott Trudeau International Airport'};YMQ;CA;America/Montreal;YUL;airport;Montreal-Pierre Elliott Trudeau International Airport;{'lat': 45.457714, 'lon': -73.74991};TRUE;America;1
{'en': 'Vancouver International Airport'};YVR;CA;America/Vancouver;YVR;airport;Vancouver International Airport;{'lat': 49.1947, 'lon': -123.17919};TRUE;America;1
{'en': 'Calgary International Airport'};YYC;CA;America/Edmonton;YYC;airport;Calgary International Airport;{'lat': 51.131393, 'lon': -114.01055};TRUE;America;1
{'en': 'Pearson International Airport'};YTO;CA;America/Toronto;YYZ;airport;Pearson International Airport;{'lat': 43.681583, 'lon': -79.61146};TRUE;America;1
{'en': 'Zurich Airport'};ZRH;CH;Europe/Zurich;ZRH;airport;Zurich Airport;{'lat': 47.450603, 'lon': 8.561746};TRUE;Europe;1
{'en': 'Aalborg Airport'};AAL;DK;Europe/Copenhagen;AAL;airport;Aalborg Airport;{'lat': 57.08655, 'lon': 9.872241};TRUE;Europe;0
{'en': 'Felix Houphouet Boigny Airport'};ABJ;CI;Africa/Abidjan;ABJ;airport;Felix Houphouet Boigny Airport;{'lat': 5.254879, 'lon': -3.933015};TRUE;Africa / Oceania;0
{'en': 'Albuquerque International Sunport'};ABQ;US;America/Denver;ABQ;airport;Albuquerque International Sunport;{'lat': 35.049625, 'lon': -106.617195};TRUE;America;0
{'en': 'Nnamdi Azikiwe International Airport'};ABV;NG;Africa/Lagos;ABV;airport;Nnamdi Azikiwe International Airport;{'lat': 9.004614, 'lon': 7.270447};TRUE;Africa / Oceania;0
{'en': 'Aberdeen International Airport'};ABZ;GB;Europe/London;ABZ;airport;Aberdeen International Airport;{'lat': 57.200253, 'lon': -2.204186};TRUE;Europe;0
{'en': 'Kotoka International Airport'};ACC;GH;Africa/Accra;ACC;airport;Kotoka International Airport;{'lat': 5.60737, 'lon': -0.171769};TRUE;Africa / Oceania;0
{'en': 'Lanzarote Airport'};ACE;ES;Atlantic/Canary;ACE;airport;Lanzarote Airport;{'lat': 28.950668, 'lon': -13.609059};TRUE;Europe;0
{'en': 'Izmir Adnan Menderes Airport'};IZM;TR;Europe/Istanbul;ADB;airport;Izmir Adnan Menderes Airport;{'lat': 38.294403, 'lon': 27.147594};TRUE;Asia;0
{'en': 'Aden International Airport'};ADE;YE;Asia/Aden;ADE;airport;Aden International Airport;{'lat': 12.826116, 'lon': 45.037537};TRUE;Asia;0
{'en': 'Adelaide Airport'};ADL;AU;Australia/Adelaide;ADL;airport;Adelaide Airport;{'lat': -34.938175, 'lon': 138.53735};TRUE;Africa / Oceania;0
{'en': 'Jorge Newbery Airport'};BUE;AR;America/Argentina/Buenos_Aires;AEP;airport;Jorge Newbery Airport;{'lat': -34.55622, 'lon': -58.41667};TRUE;America;0
{'en': 'Agadir Al Massira Airport'};AGA;MA;Africa/Casablanca;AGA;airport;Agadir Al Massira Airport;{'lat': 30.378326, 'lon': -9.555895};TRUE;Africa / Oceania;0
{'en': 'Abha Regional Airport'};AHB;SA;Asia/Riyadh;AHB;airport;Abha Regional Airport;{'lat': 18.23429, 'lon': 42.657574};TRUE;Asia;0
{'en': 'Alghero-Fertilia Airport'};AHO;IT;Europe/Rome;AHO;airport;Alghero-Fertilia Airport;{'lat': 40.630405, 'lon': 8.295891};TRUE;Europe;0
{'en': 'Ajaccio Napoleon Bonaparte Airport'};AJA;FR;Europe/Paris;AJA;airport;Ajaccio Napoleon Bonaparte Airport;{'lat': 41.91987, 'lon': 8.794013};TRUE;Europe;0
{'en': 'Almaty Airport'};ALA;KZ;Asia/Almaty;ALA;airport;Almaty Airport;{'lat': 43.346653, 'lon': 77.01145};TRUE;Asia;0
{'en': 'Alicante-Elche Airport'};ALC;ES;Europe/Madrid;ALC;airport;Alicante-Elche Airport;{'lat': 38.287098, 'lon': -0.557381};TRUE;Europe;0
{'en': 'Queen Alia International Airport'};AMM;JO;Asia/Amman;AMM;airport;Queen Alia International Airport;{'lat': 31.722534, 'lon': 35.98932};TRUE;Asia;0
{'en': 'Ted Stevens Anchorage International Airport'};ANC;US;America/Anchorage;ANC;airport;Ted Stevens Anchorage International Airport;{'lat': 61.174442, 'lon': -149.99638};TRUE;America;0
{'en': 'V.C. Bird International Airport'};ANU;AG;America/Antigua;ANU;airport;V.C. Bird International Airport;{'lat': 17.108334, 'lon': -61.76389};TRUE;America;0
{'en': 'Ashgabat Airport'};ASB;TM;Asia/Ashgabat;ASB;airport;Ashgabat Airport;{'lat': 37.984184, 'lon': 58.366978};TRUE;Asia;0
{'en': 'Silvio Pettirossi International Airport'};ASU;PY;America/Asuncion;ASU;airport;Silvio Pettirossi International Airport;{'lat': -25.241795, 'lon': -57.513794};TRUE;America;0
{'en': 'Reina Beatrix International Airport'};AUA;AW;America/Aruba;AUA;airport;Reina Beatrix International Airport;{'lat': 12.502222, 'lon': -70.013885};TRUE;America;0
{'en': 'Austin-Bergstrom International Airport'};AUS;US;America/Chicago;AUS;airport;Austin-Bergstrom International Airport;{'lat': 30.202545, 'lon': -97.66706};TRUE;America;0
{'en': 'Ahwaz Airport'};AWZ;IR;Asia/Tehran;AWZ;airport;Ahwaz Airport;{'lat': 31.34292, 'lon': 48.74668};TRUE;Asia;0
{'en': 'Bahrain International Airport'};BAH;BH;Asia/Bahrain;BAH;airport;Bahrain International Airport;{'lat': 26.26918, 'lon': 50.62605};TRUE;Asia;0
{'en': 'Bradley International Airport'};BDL;US;America/New_York;BDL;airport;Bradley International Airport;{'lat': 41.92953, 'lon': -72.6847};TRUE;America;0
{'en': 'Belgrad Nikola Tesla Airport'};BEG;RS;Europe/Belgrade;BEG;airport;Belgrad Nikola Tesla Airport;{'lat': 44.819443, 'lon': 20.306944};TRUE;Europe;0
{'en': 'Val De Cans International Airport'};BEL;BR;America/Belem;BEL;airport;Val De Cans International Airport;{'lat': -1.389865, 'lon': -48.480003};TRUE;America;0
{'en': 'Benina International'};BEN;LY;Africa/Tripoli;BEN;airport;Benina International;{'lat': 32.085423, 'lon': 20.26489};TRUE;Africa / Oceania;0
{'en': 'Brest Bretagne Airport'};BES;FR;Europe/Paris;BES;airport;Brest Bretagne Airport;{'lat': 48.445374, 'lon': -4.415827};TRUE;Europe;0
{'en': 'Beirut-Rafic Hariri International Airport'};BEY;LB;Asia/Beirut;BEY;airport;Beirut-Rafic Hariri International Airport;{'lat': 33.826073, 'lon': 35.49308};TRUE;Asia;0
{'en': 'Belfast International Airport'};BFS;GB;Europe/London;BFS;airport;Belfast International Airport;{'lat': 54.662395, 'lon': -6.217616};TRUE;Europe;0
{'en': 'Grantley Adams International Airport'};BGI;BB;America/Barbados;BGI;airport;Grantley Adams International Airport;{'lat': 13.080732, 'lon': -59.487835};TRUE;America;0
{'en': 'Bergen Airport'};BGO;NO;Europe/Oslo;BGO;airport;Bergen Airport;{'lat': 60.289062, 'lon': 5.228169};TRUE;Europe;0
{'en': 'Baghdad International Airport'};BGW;IQ;Asia/Baghdad;BGW;airport;Baghdad International Airport;{'lat': 33.255554, 'lon': 44.225};TRUE;Asia;0
{'en': 'Orio al Serio International Airport'};MIL;IT;Europe/Rome;BGY;airport;Orio al Serio International Airport;{'lat': 45.665314, 'lon': 9.698713};TRUE;Europe;0
{'en': 'George Best Belfast City Airport'};BFS;GB;Europe/London;BHD;airport;George Best Belfast City Airport;{'lat': 54.61452, 'lon': -5.870215};TRUE;Europe;0
{'en': 'Birmingham International Airport'};BHX;GB;Europe/London;BHX;airport;Birmingham International Airport;{'lat': 52.45252, 'lon': -1.733256};TRUE;Europe;0
{'en': 'Bastia Poretta Airport'};BIA;FR;Europe/Paris;BIA;airport;Bastia Poretta Airport;{'lat': 42.547615, 'lon': 9.480124};TRUE;Europe;0
{'en': 'Bilbao Airport'};BIO;ES;Europe/Madrid;BIO;airport;Bilbao Airport;{'lat': 43.305534, 'lon': -2.905808};TRUE;Europe;0
{'en': 'Biarritz - Anglet - Bayonne Airport'};BIQ;FR;Europe/Paris;BIQ;airport;Biarritz - Anglet - Bayonne Airport;{'lat': 43.472416, 'lon': -1.531242};TRUE;Europe;0
{'en': 'Milas-Bodrum Airport'};BJV;TR;Europe/Istanbul;BJV;airport;Milas-Bodrum Airport;{'lat': 37.243954, 'lon': 27.672781};TRUE;Asia;0
{'en': 'Kota Kinabalu International Airport'};BKI;MY;Asia/Kuching;BKI;airport;Kota Kinabalu International Airport;{'lat': 5.923961, 'lon': 116.05075};TRUE;Asia;0
{'en': 'Bamako-Senou International Airport'};BKO;ML;Africa/Bamako;BKO;airport;Bamako-Senou International Airport;{'lat': 12.540926, 'lon': -7.947951};TRUE;Africa / Oceania;0
{'en': 'Billund Airport'};BLL;DK;Europe/Copenhagen;BLL;airport;Billund Airport;{'lat': 55.747383, 'lon': 9.147874};TRUE;Europe;0
{'en': 'Guglielmo Marconi Airport'};BLQ;IT;Europe/Rome;BLQ;airport;Guglielmo Marconi Airport;{'lat': 44.529266, 'lon': 11.293289};TRUE;Europe;0
{'en': 'Bromma Airport'};STO;SE;Europe/Stockholm;BMA;airport;Bromma Airport;{'lat': 59.35566, 'lon': 17.94608};TRUE;Europe;0
{'en': 'Nashville International Airport'};BNA;US;America/Chicago;BNA;airport;Nashville International Airport;{'lat': 36.13174, 'lon': -86.668945};TRUE;America;0
{'en': 'Bandar Abbas International Airport'};BND;IR;Asia/Tehran;BND;airport;Bandar Abbas International Airport;{'lat': 27.21059, 'lon': 56.368385};TRUE;Asia;0
{'en': 'Bordeaux Airport'};BOD;FR;Europe/Paris;BOD;airport;Bordeaux Airport;{'lat': 44.83102, 'lon': -0.70217};TRUE;Europe;0
{'en': 'Bournemouth Airport'};BOH;GB;Europe/London;BOH;airport;Bournemouth Airport;{'lat': 50.77827, 'lon': -1.832476};TRUE;Europe;0
{'en': 'Bourgas Airport'};BOJ;BG;Europe/Sofia;BOJ;airport;Bourgas Airport;{'lat': 42.416668, 'lon': 27.283333};TRUE;Europe;0
{'en': 'Bodo Airport'};BOO;NO;Europe/Oslo;BOO;airport;Bodo Airport;{'lat': 67.27262, 'lon': 14.367839};TRUE;Europe;0
{'en': 'Sultan Aji Muhamad Sulaiman Airport'};BPN;ID;Asia/Makassar;BPN;airport;Sultan Aji Muhamad Sulaiman Airport;{'lat': -1.260623, 'lon': 116.90082};TRUE;Asia;0
{'en': 'Bremen Airport'};BRE;DE;Europe/Berlin;BRE;airport;Bremen Airport;{'lat': 53.05297, 'lon': 8.785352};TRUE;Europe;0
{'en': 'Palese Airport'};BRI;IT;Europe/Rome;BRI;airport;Palese Airport;{'lat': 41.13388, 'lon': 16.76391};TRUE;Europe;0
{'en': 'Bern Airport'};BRN;CH;Europe/Zurich;BRN;airport;Bern Airport;{'lat': 46.911728, 'lon': 7.50356};TRUE;Europe;0
{'en': 'Bristol Airport'};BRS;GB;Europe/London;BRS;airport;Bristol Airport;{'lat': 51.386757, 'lon': -2.710659};TRUE;Europe;0
{'en': 'EuroAirport Swiss'};EAP;CH;Europe/Zurich;BSL;airport;EuroAirport Swiss;{'lat': 47.59961, 'lon': 7.532604};TRUE;Europe;0
{'en': 'Hang Nadim International Airport'};BTH;ID;Asia/Jakarta;BTH;airport;Hang Nadim International Airport;{'lat': 1.123627, 'lon': 104.11528};TRUE;Asia;0
{'en': 'Bratislava Airport'};BTS;SK;Europe/Bratislava;BTS;airport;Bratislava Airport;{'lat': 48.170017, 'lon': 17.199799};TRUE;Europe;0
{'en': 'Beauvais-Tille Airport'};PAR;FR;Europe/Paris;BVA;airport;Beauvais-Tille Airport;{'lat': 49.459488, 'lon': 2.110815};TRUE;Europe;0
{'en': 'Rabil Airport'};BVC;CV;Atlantic/Cape_Verde;BVC;airport;Rabil Airport;{'lat': 16.083332, 'lon': -22.833332};TRUE;Africa / Oceania;0
{'en': 'Baltimore/Wash International Thurgood Marshall Airport'};BWI;US;America/New_York;BWI;airport;Baltimore/Wash International Thurgood Marshall Airport;{'lat': 39.179527, 'lon': -76.66894};TRUE;America;0
{'en': 'Brunei International Airport'};BWN;BN;Asia/Brunei;BWN;airport;Brunei International Airport;{'lat': 4.945197, 'lon': 114.93375};TRUE;Asia;0
{'en': 'Philip S.W. Goldson International Airport'};BZE;BZ;America/Belize;BZE;airport;Philip S.W. Goldson International Airport;{'lat': 17.539167, 'lon': -88.308334};TRUE;America;0
{'en': 'Maya Maya Airport'};BZV;CG;Africa/Brazzaville;BZV;airport;Maya Maya Airport;{'lat': -4.258899, 'lon': 15.251139};TRUE;Africa / Oceania;0
{'en': 'Cagliari Elmas Airport'};CAG;IT;Europe/Rome;CAG;airport;Cagliari Elmas Airport;{'lat': 39.254333, 'lon': 9.060673};TRUE;Europe;0
{'en': 'Simon Bolivar International Airport'};CCS;VE;America/Caracas;CCS;airport;Simon Bolivar International Airport;{'lat': 10.596942, 'lon': -67.00551};TRUE;America;0
{'en': 'Mactan-Cebu International Airport'};CEB;PH;Asia/Manila;CEB;airport;Mactan-Cebu International Airport;{'lat': 10.313333, 'lon': 123.98278};TRUE;Asia;0
{'en': 'Ioannis Kapodistrias Airport'};CFU;GR;Europe/Athens;CFU;airport;Ioannis Kapodistrias Airport;{'lat': 39.60784, 'lon': 19.914644};TRUE;Europe;0
{'en': 'Marechal Rondon International Airport'};CGB;BR;America/Cuiaba;CGB;airport;Marechal Rondon International Airport;{'lat': -15.651725, 'lon': -56.120266};TRUE;America;0
{'en': 'Cologne Bonn Airport'};CGN;DE;Europe/Berlin;CGN;airport;Cologne Bonn Airport;{'lat': 50.878365, 'lon': 7.122224};TRUE;Europe;0
{'en': 'Shah Amanat International Airport'};CGP;BD;Asia/Dhaka;CGP;airport;Shah Amanat International Airport;{'lat': 22.245201, 'lon': 91.81516};TRUE;Asia;0
{'en': 'Changchun Longjia International Airport'};CGQ;CN;Asia/Shanghai;CGQ;airport;Changchun Longjia International Airport;{'lat': 43.902836, 'lon': 125.217545};TRUE;Asia;0
{'en': 'Campo Grande International Airport'};CGR;BR;America/Campo_Grande;CGR;airport;Campo Grande International Airport;{'lat': -20.456991, 'lon': -54.668873};TRUE;America;0
{'en': 'Chania International Airport'};CHQ;GR;Europe/Athens;CHQ;airport;Chania International Airport;{'lat': 35.5402, 'lon': 24.140373};TRUE;Europe;0
{'en': 'Ciampino-G. B. Pastine International Airport'};ROM;IT;Europe/Rome;CIA;airport;Ciampino-G. B. Pastine International Airport;{'lat': 41.799065, 'lon': 12.590987};TRUE;Europe;0
{'en': 'Shymkent Airport'};CIT;KZ;Asia/Almaty;CIT;airport;Shymkent Airport;{'lat': 42.3, 'lon': 69.6};TRUE;Asia;0
{'en': 'Cleveland Hopkins International Airport'};CLE;US;America/New_York;CLE;airport;Cleveland Hopkins International Airport;{'lat': 41.410854, 'lon': -81.83821};TRUE;America;0
{'en': 'Avram Iancu Cluj International Airport'};CLJ;RO;Europe/Bucharest;CLJ;airport;Avram Iancu Cluj International Airport;{'lat': 46.782063, 'lon': 23.687014};TRUE;Europe;0
{'en': 'Alfonso B. Aragon Airport'};CLO;CO;America/Bogota;CLO;airport;Alfonso B. Aragon Airport;{'lat': 3.543056, 'lon': -76.381386};TRUE;America;0
{'en': 'Bandaranaike International Airport'};CMB;LK;Asia/Colombo;CMB;airport;Bandaranaike International Airport;{'lat': 7.174112, 'lon': 79.8865};TRUE;Asia;0
{'en': 'John Glenn Columbus International Airport'};CMH;US;America/New_York;CMH;airport;John Glenn Columbus International Airport;{'lat': 39.99818, 'lon': -82.884964};TRUE;America;0
{'en': 'Cairns Airport'};CNS;AU;Australia/Brisbane;CNS;airport;Cairns Airport;{'lat': -16.876537, 'lon': 145.75404};TRUE;Africa / Oceania;0
{'en': 'Chiang Mai International Airport'};CNX;TH;Asia/Bangkok;CNX;airport;Chiang Mai International Airport;{'lat': 18.769573, 'lon': 98.96841};TRUE;Asia;0
{'en': 'Cochin International Airport'};COK;IN;Asia/Kolkata;COK;airport;Cochin International Airport;{'lat': 10.155644, 'lon': 76.39053};TRUE;Asia;0
{'en': 'Cotonou Airport'};COO;BJ;Africa/Porto-Novo;COO;airport;Cotonou Airport;{'lat': 6.353097, 'lon': 2.385271};TRUE;Africa / Oceania;0
{'en': 'Charleroi Brussels South Airport'};BRU;BE;Europe/Brussels;CRL;airport;Charleroi Brussels South Airport;{'lat': 50.456696, 'lon': 4.451703};TRUE;Europe;0
{'en': 'Catania-Fontanarossa Airport'};CTA;IT;Europe/Rome;CTA;airport;Catania-Fontanarossa Airport;{'lat': 37.47066, 'lon': 15.065877};TRUE;Europe;0
{'en': 'Curacao International Airport'};CUR;CW;America/Curacao;CUR;airport;Curacao International Airport;{'lat': 12.184615, 'lon': -68.95706};TRUE;America;0
{'en': 'Cincinnati/Northern Kentucky Airport'};CVG;US;America/New_York;CVG;airport;Cincinnati/Northern Kentucky Airport;{'lat': 39.0555, 'lon': -84.66145};TRUE;America;0
{'en': 'Afonso Pena International Airport'};CWB;BR;America/Sao_Paulo;CWB;airport;Afonso Pena International Airport;{'lat': -25.5322, 'lon': -49.176544};TRUE;America;0
{'en': 'Cardiff Airport'};CWL;GB;Europe/London;CWL;airport;Cardiff Airport;{'lat': 51.39877, 'lon': -3.339075};TRUE;Europe;0
{'en': 'Ain El Bey Airport'};CZL;DZ;Africa/Algiers;CZL;airport;Ain El Bey Airport;{'lat': 36.286476, 'lon': 6.618425};TRUE;Africa / Oceania;0
{'en': 'Changzhou Airport'};CZX;CN;Asia/Shanghai;CZX;airport;Changzhou Airport;{'lat': 31.914116, 'lon': 119.77976};TRUE;Asia;0
{'en': 'Hazrat Shahjalal International Airport'};DAC;BD;Asia/Dhaka;DAC;airport;Hazrat Shahjalal International Airport;{'lat': 23.848648, 'lon': 90.405876};TRUE;Asia;0
{'en': 'Julius Nyerere International Airport'};DAR;TZ;Africa/Dar_es_Salaam;DAR;airport;Julius Nyerere International Airport;{'lat': -6.873533, 'lon': 39.20211};TRUE;Africa / Oceania;0
{'en': 'Dubrovnik Airport'};DBV;HR;Europe/Zagreb;DBV;airport;Dubrovnik Airport;{'lat': 42.56072, 'lon': 18.260616};TRUE;Europe;0
{'en': 'Melita Airport'};DJE;TN;Africa/Tunis;DJE;airport;Melita Airport;{'lat': 33.87118, 'lon': 10.775145};TRUE;Africa / Oceania;0
{'en': 'Leopold Sedar Senghor International Airport'};DKR;SN;Africa/Dakar;DKR;airport;Leopold Sedar Senghor International Airport;{'lat': 14.744975, 'lon': -17.490194};TRUE;Africa / Oceania;0
{'en': 'Douala Airport'};DLA;CM;Africa/Douala;DLA;airport;Douala Airport;{'lat': 4.01346, 'lon': 9.717018};TRUE;Africa / Oceania;0
{'en': 'Dalian Zhoushuizi International Airport'};DLC;CN;Asia/Shanghai;DLC;airport;Dalian Zhoushuizi International Airport;{'lat': 38.96102, 'lon': 121.53999};TRUE;Asia;0
{'en': 'Dalaman Airport'};DLM;TR;Europe/Istanbul;DLM;airport;Dalaman Airport;{'lat': 36.716667, 'lon': 28.783333};TRUE;Asia;0
{'en': 'Don Mueang International Airport'};BKK;TH;Asia/Bangkok;DMK;airport;Don Mueang International Airport;{'lat': 13.9125, 'lon': 100.60667};TRUE;Asia;0
{'en': 'King Fahd International Airport'};DMM;SA;Asia/Riyadh;DMM;airport;King Fahd International Airport;{'lat': 26.471111, 'lon': 49.79778};TRUE;Asia;0
{'en': 'Dresden International Airport'};DRS;DE;Europe/Berlin;DRS;airport;Dresden International Airport;{'lat': 51.124332, 'lon': 13.766082};TRUE;Europe;0
{'en': 'Darwin International Airport'};DRW;AU;Australia/Darwin;DRW;airport;Darwin International Airport;{'lat': -12.407805, 'lon': 130.87752};TRUE;Africa / Oceania;0
{'en': 'Ordos Ejin Horo Airport'};DSN;CN;Asia/Shanghai;DSN;airport;Ordos Ejin Horo Airport;{'lat': 39.85, 'lon': 110.03333};TRUE;Asia;0
{'en': 'Dortmund Airport'};DTM;DE;Europe/Berlin;DTM;airport;Dortmund Airport;{'lat': 51.514828, 'lon': 7.613139};TRUE;Europe;0
{'en': 'Dubai World Central - Al Maktoum International Airport'};DXB;AE;Asia/Dubai;DWC;airport;Dubai World Central - Al Maktoum International Airport;{'lat': 24.918056, 'lon': 55.175278};TRUE;Asia;0
{'en': 'Zhangjiajie Hehua Airport'};DYG;CN;Asia/Shanghai;DYG;airport;Zhangjiajie Hehua Airport;{'lat': 29.10712, 'lon': 110.44569};TRUE;Asia;0
{'en': 'Dushanbe Airport'};DYU;TJ;Asia/Dushanbe;DYU;airport;Dushanbe Airport;{'lat': 38.54894, 'lon': 68.81728};TRUE;Asia;0
{'en': 'Dzaoudzi Airport'};DZA;YT;Indian/Mayotte;DZA;airport;Dzaoudzi Airport;{'lat': -12.804901, 'lon': 45.2821};TRUE;Africa / Oceania;0
{'en': 'Entebbe International Airport'};EBB;UG;Africa/Kampala;EBB;airport;Entebbe International Airport;{'lat': 0.045111, 'lon': 32.443184};TRUE;Africa / Oceania;0
{'en': 'Erbil International Airport'};EBL;IQ;Asia/Baghdad;EBL;airport;Erbil International Airport;{'lat': 36.2375, 'lon': 43.963055};TRUE;Asia;0
{'en': 'Edinburgh Airport'};EDI;GB;Europe/London;EDI;airport;Edinburgh Airport;{'lat': 55.948143, 'lon': -3.364177};TRUE;Europe;0
{'en': 'Eindhoven Airport'};EIN;NL;Europe/Amsterdam;EIN;airport;Eindhoven Airport;{'lat': 51.457954, 'lon': 5.391795};TRUE;Europe;0
{'en': 'Prince Nayef bin Abdulaziz Regional Airport'};ELQ;SA;Asia/Riyadh;ELQ;airport;Prince Nayef bin Abdulaziz Regional Airport;{'lat': 26.305029, 'lon': 43.768177};TRUE;Asia;0
{'en': 'East Midlands Airport'};NQT;GB;Europe/London;EMA;airport;East Midlands Airport;{'lat': 52.82587, 'lon': -1.330595};TRUE;Europe;0
{'en': 'Esenboga International Airport'};ANK;TR;Europe/Istanbul;ESB;airport;Esenboga International Airport;{'lat': 40.11494, 'lon': 32.993145};TRUE;Asia;0
{'en': 'Zvartnots International Airport'};EVN;AM;Asia/Yerevan;EVN;airport;Zvartnots International Airport;{'lat': 40.15272, 'lon': 44.39805};TRUE;Asia;0
{'en': 'Exeter International Airport'};EXT;GB;Europe/London;EXT;airport;Exeter International Airport;{'lat': 50.73111, 'lon': -3.410968};TRUE;Europe;0
{'en': 'Fairbanks International Airport'};FAI;US;America/Anchorage;FAI;airport;Fairbanks International Airport;{'lat': 64.818214, 'lon': -147.8668};TRUE;America;0
{'en': 'Faro Airport'};FAO;PT;Europe/Lisbon;FAO;airport;Faro Airport;{'lat': 37.020645, 'lon': -7.968545};TRUE;Europe;0
{'en': 'Martinique Aime Cesaire International Airport'};FDF;MQ;America/Martinique;FDF;airport;Martinique Aime Cesaire International Airport;{'lat': 14.596061, 'lon': -60.999947};TRUE;America;0
{'en': 'Friedrichshafen Airport'};FDH;DE;Europe/Berlin;FDH;airport;Friedrichshafen Airport;{'lat': 47.672775, 'lon': 9.523482};TRUE;Europe;0
{'en': 'Fes-Saiss Airport'};FEZ;MA;Africa/Casablanca;FEZ;airport;Fes-Saiss Airport;{'lat': 33.93079, 'lon': -4.982138};TRUE;Africa / Oceania;0
"{'en': ""N'djili Airport""}";FIH;CD;Africa/Kinshasa;FIH;airport;N'djili Airport;{'lat': -4.389588, 'lon': 15.447338};TRUE;Africa / Oceania;0
{'en': 'Baden-Airpark'};FKB;DE;Europe/Berlin;FKB;airport;Baden-Airpark;{'lat': 48.781033, 'lon': 8.089752};TRUE;Europe;0
{'en': 'Hercilio Luz International Airport'};FLN;BR;America/Sao_Paulo;FLN;airport;Hercilio Luz International Airport;{'lat': -27.664446, 'lon': -48.5452};TRUE;America;0
{'en': 'Firenze-Peretola Airport'};FLR;IT;Europe/Rome;FLR;airport;Firenze-Peretola Airport;{'lat': 43.802128, 'lon': 11.201989};TRUE;Europe;0
{'en': 'Memmingen Allgau Airport'};FMM;DE;Europe/Berlin;FMM;airport;Memmingen Allgau Airport;{'lat': 47.98861, 'lon': 10.239444};TRUE;Europe;0
{'en': 'Lungi International Airport'};FNA;SL;Africa/Freetown;FNA;airport;Lungi International Airport;{'lat': 8.6175, 'lon': -13.196944};TRUE;Africa / Oceania;0
{'en': 'Madeira Airport'};FNC;PT;Atlantic/Madeira;FNC;airport;Madeira Airport;{'lat': 32.693123, 'lon': -16.775635};TRUE;Europe;0
{'en': 'Changle International Airport'};FOC;CN;Asia/Shanghai;FOC;airport;Changle International Airport;{'lat': 25.93123, 'lon': 119.66923};TRUE;Asia;0
{'en': 'Pinto Martins Airport'};FOR;BR;America/Fortaleza;FOR;airport;Pinto Martins Airport;{'lat': -3.779073, 'lon': -38.540836};TRUE;America;0
{'en': 'Fuerteventura Airport'};FUE;ES;Atlantic/Canary;FUE;airport;Fuerteventura Airport;{'lat': 28.450605, 'lon': -13.869893};TRUE;Europe;0
{'en': 'Guernsey Airport'};GCI;GG;Europe/Guernsey;GCI;airport;Guernsey Airport;{'lat': 49.432755, 'lon': -2.595044};TRUE;Europe;0
{'en': 'Owen Roberts International Airport'};GCM;KY;America/Cayman;GCM;airport;Owen Roberts International Airport;{'lat': 19.29637, 'lon': -81.35779};TRUE;America;0
{'en': 'Gdansk Lech Walesa Airport'};GDN;PL;Europe/Warsaw;GDN;airport;Gdansk Lech Walesa Airport;{'lat': 54.380978, 'lon': 18.468655};TRUE;Europe;0
{'en': 'Glasgow International Airport'};GLA;GB;Europe/London;GLA;airport;Glasgow International Airport;{'lat': 55.864212, 'lon': -4.431782};TRUE;Europe;0
{'en': 'Genoa Cristoforo Colombo Airport'};GOA;IT;Europe/Rome;GOA;airport;Genoa Cristoforo Colombo Airport;{'lat': 44.415066, 'lon': 8.85081};TRUE;Europe;0
{'en': 'Goteborg Landvetter Airport'};GOT;SE;Europe/Stockholm;GOT;airport;Goteborg Landvetter Airport;{'lat': 57.66664, 'lon': 12.294878};TRUE;Europe;0
{'en': 'Girona-Costa Brava Airport'};GRO;ES;Europe/Madrid;GRO;airport;Girona-Costa Brava Airport;{'lat': 41.89804, 'lon': 2.766383};TRUE;Europe;0
{'en': 'La Aurora International Airport'};GUA;GT;America/Guatemala;GUA;airport;La Aurora International Airport;{'lat': 14.588071, 'lon': -90.53068};TRUE;America;0
{'en': 'A.B. Won Pat International Airport'};GUM;GU;Pacific/Guam;GUM;airport;A.B. Won Pat International Airport;{'lat': 13.492787, 'lon': 144.80486};TRUE;Africa / Oceania;0
{'en': 'Heydar Aliyev International Airport'};BAK;AZ;Asia/Baku;GYD;airport;Heydar Aliyev International Airport;{'lat': 40.462486, 'lon': 50.05039};TRUE;Asia;0
{'en': 'Jose Joaquin de Olmedo Airport'};GYE;EC;America/Guayaquil;GYE;airport;Jose Joaquin de Olmedo Airport;{'lat': -2.142654, 'lon': -79.88032};TRUE;America;0
{'en': 'Santa Genoveva Airport'};GYN;BR;America/Sao_Paulo;GYN;airport;Santa Genoveva Airport;{'lat': -16.632631, 'lon': -49.226624};TRUE;America;0
{'en': 'Hannover Airport'};HAJ;DE;Europe/Berlin;HAJ;airport;Hannover Airport;{'lat': 52.459255, 'lon': 9.694766};TRUE;Europe;0
{'en': 'Haugesund Airport'};HAU;NO;Europe/Oslo;HAU;airport;Haugesund Airport;{'lat': 59.344765, 'lon': 5.215903};TRUE;Europe;0
{'en': 'Jose Marti International Airport'};HAV;CU;America/Havana;HAV;airport;Jose Marti International Airport;{'lat': 22.99845, 'lon': -82.40818};TRUE;America;0
{'en': 'Borg El Arab Airport'};ALY;EG;Africa/Cairo;HBE;airport;Borg El Arab Airport;{'lat': 30.922234, 'lon': 29.686504};TRUE;Africa / Oceania;0
{'en': 'Heraklion Airport'};HER;GR;Europe/Athens;HER;airport;Heraklion Airport;{'lat': 35.33663, 'lon': 25.174192};TRUE;Europe;0
{'en': 'Hohhot Baita International Airport'};HET;CN;Asia/Shanghai;HET;airport;Hohhot Baita International Airport;{'lat': 40.854713, 'lon': 111.814156};TRUE;Asia;0
{'en': 'Hefei Xinqiao Airport'};HFE;CN;Asia/Shanghai;HFE;airport;Hefei Xinqiao Airport;{'lat': 31.85, 'lon': 117.28333};TRUE;Asia;0
{'en': 'Frankfurt - Hahn Airport'};FRA;DE;Europe/Berlin;HHN;airport;Frankfurt - Hahn Airport;{'lat': 49.948334, 'lon': 7.264167};TRUE;Europe;0
{'en': 'Honiara International Airport'};HIR;SB;Pacific/Guadalcanal;HIR;airport;Honiara International Airport;{'lat': -9.428592, 'lon': 160.04819};TRUE;Africa / Oceania;0
{'en': 'Phuket International Airport'};HKT;TH;Asia/Bangkok;HKT;airport;Phuket International Airport;{'lat': 8.107619, 'lon': 98.306435};TRUE;Asia;0
{'en': 'Honolulu International Airport'};HNL;US;Pacific/Honolulu;HNL;airport;Honolulu International Airport;{'lat': 21.325832, 'lon': -157.92166};TRUE;America;0
{'en': 'William P. Hobby Airport'};HOU;US;America/Chicago;HOU;airport;William P. Hobby Airport;{'lat': 29.654512, 'lon': -95.277016};TRUE;America;0
{'en': 'Harbin Taiping International Airport'};HRB;CN;Asia/Shanghai;HRB;airport;Harbin Taiping International Airport;{'lat': 45.620853, 'lon': 126.23644};TRUE;Asia;0
{'en': 'Harare International Airport'};HRE;ZW;Africa/Harare;HRE;airport;Harare International Airport;{'lat': -17.91863, 'lon': 31.099249};TRUE;Africa / Oceania;0
{'en': 'Hurghada International Airport'};HRG;EG;Africa/Cairo;HRG;airport;Hurghada International Airport;{'lat': 27.189156, 'lon': 33.8055};TRUE;Africa / Oceania;0
{'en': 'Ibiza Airport'};IBZ;ES;Europe/Madrid;IBZ;airport;Ibiza Airport;{'lat': 38.876595, 'lon': 1.367803};TRUE;Europe;0
{'en': 'Isfahan International Airport'};IFN;IR;Asia/Tehran;IFN;airport;Isfahan International Airport;{'lat': 32.745686, 'lon': 51.87638};TRUE;Asia;0
{'en': 'Imam Khomeini International Airport'};THR;IR;Asia/Tehran;IKA;airport;Imam Khomeini International Airport;{'lat': 35.40863, 'lon': 51.1548};TRUE;Asia;0
{'en': 'Yinchuan Hedong International Airport'};INC;CN;Asia/Shanghai;INC;airport;Yinchuan Hedong International Airport;{'lat': 38.35, 'lon': 106.35};TRUE;Asia;0
{'en': 'Indianapolis International Airport'};IND;US;America/Indiana/Indianapolis;IND;airport;Indianapolis International Airport;{'lat': 39.714516, 'lon': -86.29805};TRUE;America;0
{'en': 'Islamabad International Airport'};ISB;PK;Asia/Karachi;ISB;airport;Islamabad International Airport;{'lat': 33.55429, 'lon': 72.83417};TRUE;Asia;0
{'en': 'Jacksonville International Airport'};JAX;US;America/New_York;JAX;airport;Jacksonville International Airport;{'lat': 30.491657, 'lon': -81.68306};TRUE;America;0
{'en': 'Jersey Airport'};JER;JE;Europe/Jersey;JER;airport;Jersey Airport;{'lat': 49.205296, 'lon': -2.194344};TRUE;Europe;0
{'en': 'Senai Airport'};JHB;MY;Asia/Kuala_Lumpur;JHB;airport;Senai Airport;{'lat': 1.638889, 'lon': 103.67083};TRUE;Asia;0
{'en': 'Djibouti-Ambouli International Airport'};JIB;DJ;Africa/Djibouti;JIB;airport;Djibouti-Ambouli International Airport;{'lat': 11.552361, 'lon': 43.149677};TRUE;Africa / Oceania;0
{'en': 'Quanzhou Jinjiang International Airport'};JJN;CN;Asia/Shanghai;JJN;airport;Quanzhou Jinjiang International Airport;{'lat': 24.802809, 'lon': 118.587296};TRUE;Asia;0
{'en': 'Mikonos Airport'};JMK;GR;Europe/Athens;JMK;airport;Mikonos Airport;{'lat': 37.43611, 'lon': 25.344444};TRUE;Europe;0
{'en': 'Adisutjipto International Airport'};JOG;ID;Asia/Jakarta;JOG;airport;Adisutjipto International Airport;{'lat': -7.785572, 'lon': 110.43706};TRUE;Asia;0
{'en': 'Kilimanjaro International Airport'};JRO;TZ;Africa/Dar_es_Salaam;JRO;airport;Kilimanjaro International Airport;{'lat': -3.424123, 'lon': 37.065342};TRUE;Africa / Oceania;0
{'en': 'Santorini International Airport'};JTR;GR;Europe/Athens;JTR;airport;Santorini International Airport;{'lat': 36.4, 'lon': 25.483334};TRUE;Europe;0
{'en': 'Kabul International Airport'};KBL;AF;Asia/Kabul;KBL;airport;Kabul International Airport;{'lat': 34.56069, 'lon': 69.21152};TRUE;Asia;0
{'en': 'Kuching International Airport'};KCH;MY;Asia/Kuching;KCH;airport;Kuching International Airport;{'lat': 1.484167, 'lon': 110.340836};TRUE;Asia;0
{'en': 'Keflavik International Airport'};REK;IS;Atlantic/Reykjavik;KEF;airport;Keflavik International Airport;{'lat': 63.997765, 'lon': -22.624283};TRUE;Europe;0
{'en': 'Kigali International Airport'};KGL;RW;Africa/Kigali;KGL;airport;Kigali International Airport;{'lat': -1.963042, 'lon': 30.135014};TRUE;Africa / Oceania;0
{'en': 'Kos Airport'};KGS;GR;Europe/Athens;KGS;airport;Kos Airport;{'lat': 36.793056, 'lon': 27.095278};TRUE;Europe;0
{'en': 'Kaohsiung International Airport'};KHH;TW;Asia/Taipei;KHH;airport;Kaohsiung International Airport;{'lat': 22.5725, 'lon': 120.345276};TRUE;Asia;0
{'en': 'Jinnah International Airport'};KHI;PK;Asia/Karachi;KHI;airport;Jinnah International Airport;{'lat': 24.899986, 'lon': 67.16828};TRUE;Asia;0
{'en': 'Nanchang Changbei International Airport'};KHN;CN;Asia/Shanghai;KHN;airport;Nanchang Changbei International Airport;{'lat': 28.859901, 'lon': 115.907845};TRUE;Asia;0
{'en': 'Norman Manley International Airport'};KIN;JM;America/Jamaica;KIN;airport;Norman Manley International Airport;{'lat': 17.93775, 'lon': -76.77816};TRUE;America;0
{'en': 'Kagoshima Airport'};KOJ;JP;Asia/Tokyo;KOJ;airport;Kagoshima Airport;{'lat': 31.801224, 'lon': 130.71562};TRUE;Asia;0
{'en': 'J. Paul II International Airport Krakow-Balice'};KRK;PL;Europe/Warsaw;KRK;airport;J. Paul II International Airport Krakow-Balice;{'lat': 50.075493, 'lon': 19.793743};TRUE;Europe;0
{'en': 'Khartoum International Airport'};KRT;SD;Africa/Khartoum;KRT;airport;Khartoum International Airport;{'lat': 15.592217, 'lon': 32.549698};TRUE;Africa / Oceania;0
{'en': 'Tribhuvan International Airport'};KTM;NP;Asia/Kathmandu;KTM;airport;Tribhuvan International Airport;{'lat': 27.699905, 'lon': 85.35657};TRUE;Asia;0
{'en': 'Katowice International Airport'};KTW;PL;Europe/Warsaw;KTW;airport;Katowice International Airport;{'lat': 50.470833, 'lon': 19.07403};TRUE;Europe;0
{'en': 'Kaunas Airport'};KUN;LT;Europe/Vilnius;KUN;airport;Kaunas Airport;{'lat': 54.9, 'lon': 23.916668};TRUE;Europe;0
{'en': 'Guiyang Longdongbao International Airport'};KWE;CN;Asia/Shanghai;KWE;airport;Guiyang Longdongbao International Airport;{'lat': 26.544216, 'lon': 106.79598};TRUE;Asia;0
{'en': 'Guilin Liangjiang International Airport'};KWL;CN;Asia/Shanghai;KWL;airport;Guilin Liangjiang International Airport;{'lat': 25.133333, 'lon': 110.316666};TRUE;Asia;0
{'en': 'Quatro de Fevereiro Airport'};LAD;AO;Africa/Luanda;LAD;airport;Quatro de Fevereiro Airport;{'lat': -8.847951, 'lon': 13.234862};TRUE;Africa / Oceania;0
{'en': 'Leeds Bradford International Airport'};LBA;GB;Europe/London;LBA;airport;Leeds Bradford International Airport;{'lat': 53.86934, 'lon': -1.659985};TRUE;Europe;0
{'en': 'Khujand Airport'};LBD;TJ;Asia/Dushanbe;LBD;airport;Khujand Airport;{'lat': 40.219887, 'lon': 69.6965};TRUE;Asia;0
{'en': 'Libreville Airport'};LBV;GA;Africa/Libreville;LBV;airport;Libreville Airport;{'lat': 0.456963, 'lon': 9.409852};TRUE;Africa / Oceania;0
{'en': 'Larnaca International Airport'};LCA;CY;Asia/Nicosia;LCA;airport;Larnaca International Airport;{'lat': 34.880867, 'lon': 33.62599};TRUE;Asia;0
{'en': 'London City Airport'};LON;GB;Europe/London;LCY;airport;London City Airport;{'lat': 51.5, 'lon': 0.05};TRUE;Europe;0
{'en': 'Almeria Airport'};LEI;ES;Europe/Madrid;LEI;airport;Almeria Airport;{'lat': 36.847984, 'lon': -2.371873};TRUE;Europe;0
{'en': 'Leipzig/Halle Airport'};LEJ;DE;Europe/Berlin;LEJ;airport;Leipzig/Halle Airport;{'lat': 51.42026, 'lon': 12.221202};TRUE;Europe;0
{'en': 'Lome Airport'};LFW;TG;Africa/Lome;LFW;airport;Lome Airport;{'lat': 6.167103, 'lon': 1.250347};TRUE;Africa / Oceania;0
{'en': 'Allama Iqbal International Airport'};LHE;PK;Asia/Karachi;LHE;airport;Allama Iqbal International Airport;{'lat': 31.520832, 'lon': 74.40278};TRUE;Asia;0
{'en': 'Lanzhou Zhongchuan International Airport'};LHW;CN;Asia/Shanghai;LHW;airport;Lanzhou Zhongchuan International Airport;{'lat': 36.033333, 'lon': 103.86667};TRUE;Asia;0
{'en': 'Lille Airport'};LIL;FR;Europe/Paris;LIL;airport;Lille Airport;{'lat': 50.57205, 'lon': 3.106067};TRUE;Europe;0
{'en': 'Milano Linate Airport'};MIL;IT;Europe/Rome;LIN;airport;Milano Linate Airport;{'lat': 45.460957, 'lon': 9.279157};TRUE;Europe;0
{'en': 'Liberia Airport'};LIR;CR;America/Costa_Rica;LIR;airport;Liberia Airport;{'lat': 10.600005, 'lon': -85.53839};TRUE;America;0
{'en': 'Lijiang Airport'};LJG;CN;Asia/Shanghai;LJG;airport;Lijiang Airport;{'lat': 26.683332, 'lon': 100.25};TRUE;Asia;0
{'en': 'Ljubljana Joze Pucnik Airport'};LJU;SI;Europe/Ljubljana;LJU;airport;Ljubljana Joze Pucnik Airport;{'lat': 46.23102, 'lon': 14.454972};TRUE;Europe;0
{'en': 'Lombok International Airport'};LOP;ID;Asia/Makassar;LOP;airport;Lombok International Airport;{'lat': -8.757322, 'lon': 116.27667};TRUE;Asia;0
{'en': 'Gran Canaria Airport'};LPA;ES;Atlantic/Canary;LPA;airport;Gran Canaria Airport;{'lat': 27.938944, 'lon': -15.389351};TRUE;Europe;0
{'en': 'El Alto International Airport'};LPB;BO;America/La_Paz;LPB;airport;El Alto International Airport;{'lat': -16.50889, 'lon': -68.1769};TRUE;America;0
{'en': 'Liverpool John Lennon Airport'};LPL;GB;Europe/London;LPL;airport;Liverpool John Lennon Airport;{'lat': 53.337616, 'lon': -2.854905};TRUE;Europe;0
{'en': 'London Luton Airport'};LON;GB;Europe/London;LTN;airport;London Luton Airport;{'lat': 51.87977, 'lon': -0.376232};TRUE;Europe;0
{'en': 'Kenneth Kaunda International Airport'};LUN;ZM;Africa/Lusaka;LUN;airport;Kenneth Kaunda International Airport;{'lat': -15.325017, 'lon': 28.445747};TRUE;Africa / Oceania;0
{'en': 'Luxembourg Airport'};LUX;LU;Europe/Luxembourg;LUX;airport;Luxembourg Airport;{'lat': 49.63111, 'lon': 6.209539};TRUE;Europe;0
{'en': 'Lhasa Gonggar Airport'};LXA;CN;Asia/Shanghai;LXA;airport;Lhasa Gonggar Airport;{'lat': 29.29305, 'lon': 90.90051};TRUE;Asia;0
{'en': 'Lyon Saint-Exupery International Airport'};LYS;FR;Europe/Paris;LYS;airport;Lyon Saint-Exupery International Airport;{'lat': 45.721424, 'lon': 5.080334};TRUE;Europe;0
{'en': 'Menorca Airport'};MAH;ES;Europe/Madrid;MAH;airport;Menorca Airport;{'lat': 39.864746, 'lon': 4.226256};TRUE;Europe;0
{'en': 'Eduardo Gomes International Airport'};MAO;BR;America/Manaus;MAO;airport;Eduardo Gomes International Airport;{'lat': -3.031327, 'lon': -60.046093};TRUE;America;0
{'en': 'Sangster International Airport'};MBJ;JM;America/Jamaica;MBJ;airport;Sangster International Airport;{'lat': 18.498465, 'lon': -77.91663};TRUE;America;0
{'en': 'Kansas City International Airport'};MKC;US;America/Chicago;MCI;airport;Kansas City International Airport;{'lat': 39.293808, 'lon': -94.719925};TRUE;America;0
{'en': 'Muscat International Airport'};MCT;OM;Asia/Muscat;MCT;airport;Muscat International Airport;{'lat': 23.588078, 'lon': 58.29022};TRUE;Asia;0
{'en': 'Prince Mohammad Bin Abdulaziz International Airport'};MED;SA;Asia/Riyadh;MED;airport;Prince Mohammad Bin Abdulaziz International Airport;{'lat': 24.544369, 'lon': 39.698967};TRUE;Asia;0
{'en': 'Memphis International Airport'};MEM;US;America/Chicago;MEM;airport;Memphis International Airport;{'lat': 35.04458, 'lon': -89.98226};TRUE;America;0
{'en': 'Macau International Airport'};MFM;MO;Asia/Macau;MFM;airport;Macau International Airport;{'lat': 22.156588, 'lon': 113.57285};TRUE;Asia;0
{'en': 'Mashhad International Airport'};MHD;IR;Asia/Tehran;MHD;airport;Mashhad International Airport;{'lat': 36.227173, 'lon': 59.64165};TRUE;Asia;0
{'en': 'Habib Bourguiba International Airport'};MIR;TN;Africa/Tunis;MIR;airport;Habib Bourguiba International Airport;{'lat': 35.76108, 'lon': 10.753155};TRUE;Africa / Oceania;0
{'en': 'General Mitchell International Airport'};MKE;US;America/Chicago;MKE;airport;General Mitchell International Airport;{'lat': 42.948093, 'lon': -87.90267};TRUE;America;0
{'en': 'Malta International Airport'};MLA;MT;Europe/Malta;MLA;airport;Malta International Airport;{'lat': 35.8575, 'lon': 14.4775};TRUE;Europe;0
{'en': 'Male International Airport'};MLE;MV;Indian/Maldives;MLE;airport;Male International Airport;{'lat': 4.201389, 'lon': 73.524445};TRUE;Asia;0
{'en': 'Malmo Airport'};MMA;SE;Europe/Stockholm;MMX;airport;Malmo Airport;{'lat': 55.538757, 'lon': 13.363727};TRUE;Europe;0
{'en': 'Montpellier Mediterranee Airport'};MPL;FR;Europe/Paris;MPL;airport;Montpellier Mediterranee Airport;{'lat': 43.57843, 'lon': 3.959174};TRUE;Europe;0
{'en': 'Maputo International Airport'};MPM;MZ;Africa/Maputo;MPM;airport;Maputo International Airport;{'lat': -25.924389, 'lon': 32.57429};TRUE;Africa / Oceania;0
{'en': 'Marseille Provence Airport'};MRS;FR;Europe/Paris;MRS;airport;Marseille Provence Airport;{'lat': 43.44178, 'lon': 5.222137};TRUE;Europe;0
{'en': 'Sir Seewoosagur Ramgoolam International Airport'};MRU;MU;Indian/Mauritius;MRU;airport;Sir Seewoosagur Ramgoolam International Airport;{'lat': -20.431997, 'lon': 57.67663};TRUE;Africa / Oceania;0
{'en': 'Minsk National Airport'};MSQ;BY;Europe/Minsk;MSQ;airport;Minsk National Airport;{'lat': 53.889725, 'lon': 28.032442};TRUE;Europe;0
{'en': 'Maastricht Aachen Airport'};MST;NL;Europe/Amsterdam;MST;airport;Maastricht Aachen Airport;{'lat': 50.91562, 'lon': 5.768827};TRUE;Europe;0
{'en': 'Louis Armstrong New Orleans International Airport'};MSY;US;America/Chicago;MSY;airport;Louis Armstrong New Orleans International Airport;{'lat': 29.984564, 'lon': -90.25639};TRUE;America;0
{'en': 'Carrasco International Airport'};MVD;UY;America/Montevideo;MVD;airport;Carrasco International Airport;{'lat': -34.841152, 'lon': -56.026466};TRUE;America;0
{'en': 'Myrtle Beach International Airport'};MYR;US;America/New_York;MYR;airport;Myrtle Beach International Airport;{'lat': 33.682674, 'lon': -78.92294};TRUE;America;0
{'en': 'Nadi International Airport'};NAN;FJ;Pacific/Fiji;NAN;airport;Nadi International Airport;{'lat': -17.75327, 'lon': 177.45161};TRUE;Africa / Oceania;0
{'en': 'Naples International Airport'};NAP;IT;Europe/Rome;NAP;airport;Naples International Airport;{'lat': 40.886112, 'lon': 14.291667};TRUE;Europe;0
{'en': 'Lynden Pindling International Airport'};NAS;BS;America/Nassau;NAS;airport;Lynden Pindling International Airport;{'lat': 25.048223, 'lon': -77.463776};TRUE;America;0
{'en': 'Sao Goncalo do Amarante-Governador Aluizio Alves Intl Airport'};NAT;BR;America/Fortaleza;NAT;airport;Sao Goncalo do Amarante-Governador Aluizio Alves Intl Airport;{'lat': -5.916787, 'lon': -35.250244};TRUE;America;0
{'en': 'Enfidha - Hammamet International Airport'};NBE;TN;Africa/Tunis;NBE;airport;Enfidha - Hammamet International Airport;{'lat': 36.075832, 'lon': 10.438611};TRUE;Africa / Oceania;0
"{'en': ""Cote D'Azur Airport""}";NCE;FR;Europe/Paris;NCE;airport;Cote D'Azur Airport;{'lat': 43.66049, 'lon': 7.205232};TRUE;Europe;0
{'en': 'Newcastle International Airport'};NCL;GB;Europe/London;NCL;airport;Newcastle International Airport;{'lat': 55.037064, 'lon': -1.710629};TRUE;Europe;0
{'en': 'Ndjamena Airport'};NDJ;TD;Africa/Ndjamena;NDJ;airport;Ndjamena Airport;{'lat': 12.129056, 'lon': 15.034215};TRUE;Africa / Oceania;0
{'en': 'Nador International Airport'};NDR;MA;Africa/Casablanca;NDR;airport;Nador International Airport;{'lat': 34.988888, 'lon': -3.028333};TRUE;Africa / Oceania;0
{'en': 'Ningbo Airport'};NGB;CN;Asia/Shanghai;NGB;airport;Ningbo Airport;{'lat': 29.820415, 'lon': 121.462395};TRUE;Asia;0
{'en': 'Chubu Centrair International Airport'};NGO;JP;Asia/Tokyo;NGO;airport;Chubu Centrair International Airport;{'lat': 34.858334, 'lon': 136.80528};TRUE;Asia;0
{'en': 'Nagasaki Airport'};NGS;JP;Asia/Tokyo;NGS;airport;Nagasaki Airport;{'lat': 32.9144, 'lon': 129.92258};TRUE;Asia;0
{'en': 'Nanning Airport'};NNG;CN;Asia/Shanghai;NNG;airport;Nanning Airport;{'lat': 22.61321, 'lon': 108.1675};TRUE;Asia;0
{'en': 'Ireland West Airport Knock'};NOC;IE;Europe/Dublin;NOC;airport;Ireland West Airport Knock;{'lat': 53.914, 'lon': -8.810468};TRUE;Europe;0
{'en': 'Weeze Airport'};DUS;DE;Europe/Berlin;NRN;airport;Weeze Airport;{'lat': 51.599285, 'lon': 6.150168};TRUE;Europe;0
{'en': 'Nsimalen Airport'};YAO;CM;Africa/Douala;NSI;airport;Nsimalen Airport;{'lat': 3.702222, 'lon': 11.550278};TRUE;Africa / Oceania;0
{'en': 'Nantes Atlantique Airport'};NTE;FR;Europe/Paris;NTE;airport;Nantes Atlantique Airport;{'lat': 47.157623, 'lon': -1.601402};TRUE;Europe;0
{'en': 'Nuremberg Airport'};NUE;DE;Europe/Berlin;NUE;airport;Nuremberg Airport;{'lat': 49.494167, 'lon': 11.077062};TRUE;Europe;0
{'en': 'Stockholm Skavsta Airport'};STO;SE;Europe/Stockholm;NYO;airport;Stockholm Skavsta Airport;{'lat': 58.78425, 'lon': 16.922867};TRUE;Europe;0
{'en': 'Metropolitan Oakland International Airport'};OAK;US;America/Los_Angeles;OAK;airport;Metropolitan Oakland International Airport;{'lat': 37.71188, 'lon': -122.21201};TRUE;America;0
{'en': 'Kahului Airport'};OGG;US;Pacific/Honolulu;OGG;airport;Kahului Airport;{'lat': 20.892883, 'lon': -156.43863};TRUE;America;0
{'en': 'Naha Airport'};OKA;JP;Asia/Tokyo;OKA;airport;Naha Airport;{'lat': 26.195833, 'lon': 127.645836};TRUE;Asia;0
{'en': 'Olbia Costa Smeralda Airport'};OLB;IT;Europe/Rome;OLB;airport;Olbia Costa Smeralda Airport;{'lat': 40.903145, 'lon': 9.514823};TRUE;Europe;0
{'en': 'Gold Coast Airport'};OOL;AU;Australia/Brisbane;OOL;airport;Gold Coast Airport;{'lat': -28.166164, 'lon': 153.51314};TRUE;Africa / Oceania;0
{'en': 'Porto Airport'};OPO;PT;Europe/Lisbon;OPO;airport;Porto Airport;{'lat': 41.237774, 'lon': -8.670272};TRUE;Europe;0
{'en': 'Cork Airport'};ORK;IE;Europe/Dublin;ORK;airport;Cork Airport;{'lat': 51.846645, 'lon': -8.48914};TRUE;Europe;0
{'en': 'Es Senia Airport'};ORN;DZ;Africa/Algiers;ORN;airport;Es Senia Airport;{'lat': 35.620018, 'lon': -0.606108};TRUE;Africa / Oceania;0
{'en': 'Osh Airport'};OSS;KG;Asia/Bishkek;OSS;airport;Osh Airport;{'lat': 40.60769, 'lon': 72.78648};TRUE;Asia;0
{'en': 'Ouagadougou International Airport'};OUA;BF;Africa/Ouagadougou;OUA;airport;Ouagadougou International Airport;{'lat': 12.355019, 'lon': -1.514283};TRUE;Africa / Oceania;0
{'en': 'Asturias Airport'};OVD;ES;Europe/Madrid;OVD;airport;Asturias Airport;{'lat': 43.55891, 'lon': -6.032094};TRUE;Europe;0
{'en': 'Toussaint Louverture International Airport'};PAP;HT;America/Port-au-Prince;PAP;airport;Toussaint Louverture International Airport;{'lat': 18.575394, 'lon': -72.29471};TRUE;America;0
{'en': 'Palm Beach International Airport'};PBI;US;America/New_York;PBI;airport;Palm Beach International Airport;{'lat': 26.688885, 'lon': -80.09044};TRUE;America;0
{'en': 'Joao Paulo II Airport'};PDL;PT;Atlantic/Azores;PDL;airport;Joao Paulo II Airport;{'lat': 37.743847, 'lon': -25.696468};TRUE;Europe;0
{'en': 'Portland International Airport'};PDX;US;America/Los_Angeles;PDX;airport;Portland International Airport;{'lat': 45.588997, 'lon': -122.5929};TRUE;America;0
{'en': 'Penang International Airport'};PEN;MY;Asia/Kuala_Lumpur;PEN;airport;Penang International Airport;{'lat': 5.292961, 'lon': 100.265175};TRUE;Asia;0
{'en': 'Bacha Khan International Airport'};PEW;PK;Asia/Karachi;PEW;airport;Bacha Khan International Airport;{'lat': 33.989082, 'lon': 71.51925};TRUE;Asia;0
{'en': 'Paphos International Airport'};PFO;CY;Asia/Nicosia;PFO;airport;Paphos International Airport;{'lat': 34.71155, 'lon': 32.489105};TRUE;Asia;0
{'en': 'Glasgow Prestwick Airport'};GLA;GB;Europe/London;PIK;airport;Glasgow Prestwick Airport;{'lat': 55.50843, 'lon': -4.611286};TRUE;Europe;0
{'en': 'Pittsburgh International Airport'};PIT;US;America/New_York;PIT;airport;Pittsburgh International Airport;{'lat': 40.49585, 'lon': -80.25657};TRUE;America;0
{'en': 'Providenciales International Airport'};PLS;TC;America/Grand_Turk;PLS;airport;Providenciales International Airport;{'lat': 21.769167, 'lon': -72.26833};TRUE;America;0
{'en': 'Belo Horizonte Airport'};BHZ;BR;America/Sao_Paulo;PLU;airport;Belo Horizonte Airport;{'lat': -19.75, 'lon': -43.75};TRUE;America;0
{'en': 'Falcone-Borsellino Airport'};PMO;IT;Europe/Rome;PMO;airport;Falcone-Borsellino Airport;{'lat': 38.186523, 'lon': 13.104779};TRUE;Europe;0
{'en': 'Santiago Marino International Airport'};PMV;VE;America/Caracas;PMV;airport;Santiago Marino International Airport;{'lat': 10.917189, 'lon': -63.96899};TRUE;America;0
{'en': 'Salgado Filho International Airport'};POA;BR;America/Sao_Paulo;POA;airport;Salgado Filho International Airport;{'lat': -29.98961, 'lon': -51.17709};TRUE;America;0
{'en': 'Jacksons International Airport'};POM;PG;Pacific/Port_Moresby;POM;airport;Jacksons International Airport;{'lat': -9.444308, 'lon': 147.21446};TRUE;Africa / Oceania;0
{'en': 'La Union Airport'};POP;DO;America/Santo_Domingo;POP;airport;La Union Airport;{'lat': 19.754942, 'lon': -70.56315};TRUE;America;0
{'en': 'Piarco International Airport'};POS;TT;America/Port_of_Spain;POS;airport;Piarco International Airport;{'lat': 10.602089, 'lon': -61.339413};TRUE;America;0
{'en': 'Poznan Airport'};POZ;PL;Europe/Warsaw;POZ;airport;Poznan Airport;{'lat': 52.414326, 'lon': 16.828844};TRUE;Europe;0
"{'en': ""Tahiti Faa'a Airport""}";PPT;PF;Pacific/Tahiti;PPT;airport;Tahiti Faa'a Airport;{'lat': -17.55963, 'lon': -149.60938};TRUE;Africa / Oceania;0
{'en': 'Pristina International Airport'};PRN;XK;Europe/Belgrade;PRN;airport;Pristina International Airport;{'lat': 42.573612, 'lon': 21.035557};TRUE;Europe;0
{'en': 'Pisa International Airport'};PSA;IT;Europe/Rome;PSA;airport;Pisa International Airport;{'lat': 43.69871, 'lon': 10.399915};TRUE;Europe;0
{'en': 'Pointe-a-Pitre International Airport'};PTP;GP;America/Guadeloupe;PTP;airport;Pointe-a-Pitre International Airport;{'lat': 16.2675, 'lon': -61.52639};TRUE;America;0
{'en': 'Punta Cana International Airport'};PUJ;DO;America/Santo_Domingo;PUJ;airport;Punta Cana International Airport;{'lat': 18.562477, 'lon': -68.364};TRUE;America;0
{'en': 'Pula Airport'};PUY;HR;Europe/Zagreb;PUY;airport;Pula Airport;{'lat': 44.891666, 'lon': 13.923611};TRUE;Europe;0
{'en': 'Gustavo Diaz Ordaz International Airport'};PVR;MX;America/Mexico_City;PVR;airport;Gustavo Diaz Ordaz International Airport;{'lat': 20.678297, 'lon': -105.24898};TRUE;America;0
{'en': 'Nelson Mandela International Airport'};RAI;CV;Atlantic/Cape_Verde;RAI;airport;Nelson Mandela International Airport;{'lat': 14.945321, 'lon': -23.486567};TRUE;Africa / Oceania;0
{'en': 'Menara Airport'};RAK;MA;Africa/Casablanca;RAK;airport;Menara Airport;{'lat': 31.601875, 'lon': -8.026902};TRUE;Africa / Oceania;0
{'en': 'Dr. Leite Lopes State Airport'};RAO;BR;America/Sao_Paulo;RAO;airport;Dr. Leite Lopes State Airport;{'lat': -21.135834, 'lon': -47.773335};TRUE;America;0
{'en': 'Raleigh-Durham International Airport'};RDU;US;America/New_York;RDU;airport;Raleigh-Durham International Airport;{'lat': 35.873592, 'lon': -78.79086};TRUE;America;0
{'en': 'Guararapes-Gilberto Freyre International Airport'};REC;BR;America/Recife;REC;airport;Guararapes-Gilberto Freyre International Airport;{'lat': -8.131507, 'lon': -34.91792};TRUE;America;0
{'en': 'Yangon International Airport'};RGN;MM;Asia/Rangoon;RGN;airport;Yangon International Airport;{'lat': 16.900068, 'lon': 96.134155};TRUE;Asia;0
{'en': 'Rhodes Airport'};RHO;GR;Europe/Athens;RHO;airport;Rhodes Airport;{'lat': 36.401867, 'lon': 28.090677};TRUE;Europe;0
{'en': 'Riga International Airport'};RIX;LV;Europe/Riga;RIX;airport;Riga International Airport;{'lat': 56.92208, 'lon': 23.979807};TRUE;Europe;0
{'en': 'Taichung International Airport'};RMQ;TW;Asia/Taipei;RMQ;airport;Taichung International Airport;{'lat': 24.249294, 'lon': 120.60131};TRUE;Asia;0
{'en': 'Southwest Florida International Airport'};FMY;US;America/New_York;RSW;airport;Southwest Florida International Airport;{'lat': 26.542835, 'lon': -81.75433};TRUE;America;0
{'en': 'Roatan Airport'};RTB;HN;America/Tegucigalpa;RTB;airport;Roatan Airport;{'lat': 16.318209, 'lon': -86.52722};TRUE;America;0
{'en': 'Rotterdam The Hague Airport'};RTM;NL;Europe/Amsterdam;RTM;airport;Rotterdam The Hague Airport;{'lat': 51.948948, 'lon': 4.433606};TRUE;Europe;0
{'en': 'Reunion Roland Garros Airport'};RUN;RE;Indian/Reunion;RUN;airport;Reunion Roland Garros Airport;{'lat': -20.892, 'lon': 55.511875};TRUE;Africa / Oceania;0
{'en': 'Rzeszow International Airport'};RZE;PL;Europe/Warsaw;RZE;airport;Rzeszow International Airport;{'lat': 50.11525, 'lon': 22.03133};TRUE;Europe;0
"{'en': ""Sana'a International Airport""}";SAH;YE;Asia/Aden;SAH;airport;Sana'a International Airport;{'lat': 15.473598, 'lon': 44.22511};TRUE;Asia;0
{'en': 'El Salvador International Airport'};SAL;SV;America/El_Salvador;SAL;airport;El Salvador International Airport;{'lat': 13.445126, 'lon': -89.05723};TRUE;America;0
{'en': 'Ramon Villeda Morales International Airport'};SAP;HN;America/Tegucigalpa;SAP;airport;Ramon Villeda Morales International Airport;{'lat': 15.456245, 'lon': -87.927795};TRUE;America;0
{'en': 'San Antonio International Airport'};SAT;US;America/Chicago;SAT;airport;San Antonio International Airport;{'lat': 29.524937, 'lon': -98.47264};TRUE;America;0
{'en': 'Aktau International Airport'};SCO;KZ;Asia/Aqtau;SCO;airport;Aktau International Airport;{'lat': 43.86667, 'lon': 51.1};TRUE;Asia;0
{'en': 'Santiago De Compostela Airport'};SCQ;ES;Europe/Madrid;SCQ;airport;Santiago De Compostela Airport;{'lat': 42.897316, 'lon': -8.420327};TRUE;Europe;0
{'en': 'Sendai Airport'};SDJ;JP;Asia/Tokyo;SDJ;airport;Sendai Airport;{'lat': 38.135555, 'lon': 140.92389};TRUE;Asia;0
{'en': 'Las Americas International Airport'};SDQ;DO;America/Santo_Domingo;SDQ;airport;Las Americas International Airport;{'lat': 18.430124, 'lon': -69.67674};TRUE;America;0
{'en': 'Santander Airport'};SDR;ES;Europe/Madrid;SDR;airport;Santander Airport;{'lat': 43.423084, 'lon': -3.824453};TRUE;Europe;0
{'en': 'Santos Dumont Airport'};RIO;BR;America/Sao_Paulo;SDU;airport;Santos Dumont Airport;{'lat': -22.911541, 'lon': -43.167095};TRUE;America;0
{'en': 'London Southend Airport'};LON;GB;Europe/London;SEN;airport;London Southend Airport;{'lat': 51.572777, 'lon': 0.701389};TRUE;Europe;0
{'en': 'Seychelles International Airport'};SEZ;SC;Indian/Mahe;SEZ;airport;Seychelles International Airport;{'lat': -4.671275, 'lon': 55.51128};TRUE;Africa / Oceania;0
{'en': 'Orlando Sanford International Airport'};ORL;US;America/New_York;SFB;airport;Orlando Sanford International Airport;{'lat': 28.775118, 'lon': -81.2432};TRUE;America;0
{'en': 'Amilcar Cabral International Airport'};SID;CV;Atlantic/Cape_Verde;SID;airport;Amilcar Cabral International Airport;{'lat': 16.734695, 'lon': -22.943613};TRUE;Africa / Oceania;0
{'en': 'Norman Y. Mineta San Jose International Airport'};SJC;US;America/Los_Angeles;SJC;airport;Norman Y. Mineta San Jose International Airport;{'lat': 37.366737, 'lon': -121.92638};TRUE;America;0
{'en': 'Los Cabos'};SJD;MX;America/Mazatlan;SJD;airport;Los Cabos;{'lat': 23.162354, 'lon': -109.717285};TRUE;America;0
{'en': 'Sarajevo International Airport'};SJJ;BA;Europe/Sarajevo;SJJ;airport;Sarajevo International Airport;{'lat': 43.826687, 'lon': 18.336065};TRUE;Europe;0
{'en': 'Juan Santamaria International Airport'};SJO;CR;America/Costa_Rica;SJO;airport;Juan Santamaria International Airport;{'lat': 9.998238, 'lon': -84.20408};TRUE;America;0
{'en': 'Luis Munoz Marin International Airport'};SJU;PR;America/Puerto_Rico;SJU;airport;Luis Munoz Marin International Airport;{'lat': 18.437403, 'lon': -66.004684};TRUE;America;0
{'en': 'Shijiazhuang Daguocun Airport'};SJW;CN;Asia/Shanghai;SJW;airport;Shijiazhuang Daguocun Airport;{'lat': 38.274376, 'lon': 114.69443};TRUE;Asia;0
{'en': 'Thessaloniki International Airport'};SKG;GR;Europe/Athens;SKG;airport;Thessaloniki International Airport;{'lat': 40.520832, 'lon': 22.972221};TRUE;Europe;0
{'en': 'Skopje Alexander the Great Airport'};SKP;MK;Europe/Skopje;SKP;airport;Skopje Alexander the Great Airport;{'lat': 41.95649, 'lon': 21.62872};TRUE;Europe;0
{'en': 'Sacramento International Airport'};SAC;US;America/Los_Angeles;SMF;airport;Sacramento International Airport;{'lat': 38.692284, 'lon': -121.5937};TRUE;America;0
{'en': 'John Wayne Airport - Santa Ana'};LAX;US;America/Los_Angeles;SNA;airport;John Wayne Airport - Santa Ana;{'lat': 33.680202, 'lon': -117.860535};TRUE;America;0
{'en': 'Shannon Airport'};SNN;IE;Europe/Dublin;SNN;airport;Shannon Airport;{'lat': 52.69248, 'lon': -8.92039};TRUE;Europe;0
{'en': 'Sofia Airport'};SOF;BG;Europe/Sofia;SOF;airport;Sofia Airport;{'lat': 42.688343, 'lon': 23.41443};TRUE;Europe;0
{'en': 'Santo Pekoa International Airport'};SON;VU;Pacific/Efate;SON;airport;Santo Pekoa International Airport;{'lat': -15.508251, 'lon': 167.21873};TRUE;Africa / Oceania;0
{'en': 'Southampton Airport'};SOU;GB;Europe/London;SOU;airport;Southampton Airport;{'lat': 50.950726, 'lon': -1.361318};TRUE;Europe;0
{'en': 'Split Airport'};SPU;HR;Europe/Zagreb;SPU;airport;Split Airport;{'lat': 43.536526, 'lon': 16.29946};TRUE;Europe;0
{'en': 'Deputado Luis Eduardo Magalhaes International Airport'};SSA;BR;America/Bahia;SSA;airport;Deputado Luis Eduardo Magalhaes International Airport;{'lat': -12.913988, 'lon': -38.335197};TRUE;America;0
{'en': 'Sharm El Sheikh Airport'};SSH;EG;Africa/Cairo;SSH;airport;Sharm El Sheikh Airport;{'lat': 27.979357, 'lon': 34.385254};TRUE;Africa / Oceania;0
{'en': 'Lambert-St. Louis International Airport'};STL;US;America/Chicago;STL;airport;Lambert-St. Louis International Airport;{'lat': 38.74228, 'lon': -90.36587};TRUE;America;0
{'en': 'Stuttgart Airport'};STR;DE;Europe/Berlin;STR;airport;Stuttgart Airport;{'lat': 48.69073, 'lon': 9.193624};TRUE;Europe;0
{'en': 'Cyril E. King Airport'};STT;VI;America/St_Thomas;STT;airport;Cyril E. King Airport;{'lat': 18.3375, 'lon': -64.969444};TRUE;America;0
{'en': 'Lamezia Terme International Airport'};SUF;IT;Europe/Rome;SUF;airport;Lamezia Terme International Airport;{'lat': 38.910015, 'lon': 16.244972};TRUE;Europe;0
{'en': 'Stavanger Airport Sola'};SVG;NO;Europe/Oslo;SVG;airport;Stavanger Airport Sola;{'lat': 58.88215, 'lon': 5.629197};TRUE;Europe;0
{'en': 'Seville Airport'};SVQ;ES;Europe/Madrid;SVQ;airport;Seville Airport;{'lat': 37.423477, 'lon': -5.900136};TRUE;Europe;0
{'en': 'Jieyang Chaoshan Airport'};SWA;CN;Asia/Shanghai;SWA;airport;Jieyang Chaoshan Airport;{'lat': 23.430237, 'lon': 116.75859};TRUE;Asia;0
{'en': 'Strasbourg Airport'};SXB;FR;Europe/Paris;SXB;airport;Strasbourg Airport;{'lat': 48.544876, 'lon': 7.627674};TRUE;Europe;0
{'en': 'Princess Juliana International Airport'};SXM;SX;America/Lower_Princes;SXM;airport;Princess Juliana International Airport;{'lat': 18.044722, 'lon': -63.11406};TRUE;America;0
{'en': 'Sanya Phoenix International Airport'};SYX;CN;Asia/Shanghai;SYX;airport;Sanya Phoenix International Airport;{'lat': 18.31063, 'lon': 109.409706};TRUE;Asia;0
{'en': 'Shiraz International Airport'};SYZ;IR;Asia/Tehran;SYZ;airport;Shiraz International Airport;{'lat': 29.54613, 'lon': 52.58997};TRUE;Asia;0
{'en': 'Sultan Abdul Aziz Shah Airport'};KUL;MY;Asia/Kuala_Lumpur;SZB;airport;Sultan Abdul Aziz Shah Airport;{'lat': 3.130644, 'lon': 101.558075};TRUE;Asia;0
{'en': 'W. A. Mozart Salzburg Airport'};SZG;AT;Europe/Vienna;SZG;airport;W. A. Mozart Salzburg Airport;{'lat': 47.791225, 'lon': 12.997331};TRUE;Europe;0
{'en': 'Yuzhny Airport'};TAS;UZ;Asia/Tashkent;TAS;airport;Yuzhny Airport;{'lat': 41.262714, 'lon': 69.26619};TRUE;Asia;0
{'en': 'Tbilisi International Airport'};TBS;GE;Asia/Tbilisi;TBS;airport;Tbilisi International Airport;{'lat': 41.674065, 'lon': 44.958958};TRUE;Asia;0
{'en': 'Tabriz Airport'};TBZ;IR;Asia/Tehran;TBZ;airport;Tabriz Airport;{'lat': 38.12285, 'lon': 46.244274};TRUE;Asia;0
{'en': 'Tenerife North Airport'};TCI;ES;Atlantic/Canary;TFN;airport;Tenerife North Airport;{'lat': 28.488056, 'lon': -16.345982};TRUE;Europe;0
{'en': 'Tenerife South Airport'};TCI;ES;Atlantic/Canary;TFS;airport;Tenerife South Airport;{'lat': 28.044443, 'lon': -16.5725};TRUE;Europe;0
{'en': 'Podgorica Airport'};TGD;ME;Europe/Podgorica;TGD;airport;Podgorica Airport;{'lat': 42.368023, 'lon': 19.246023};TRUE;Europe;0
{'en': 'Toncontin Airport'};TGU;HN;America/Tegucigalpa;TGU;airport;Toncontin Airport;{'lat': 14.060123, 'lon': -87.21972};TRUE;America;0
{'en': 'Mehrabad International Airport'};THR;IR;Asia/Tehran;THR;airport;Mehrabad International Airport;{'lat': 35.691532, 'lon': 51.32187};TRUE;Asia;0
{'en': 'Tirana International Airport'};TIA;AL;Europe/Tirane;TIA;airport;Tirana International Airport;{'lat': 41.419132, 'lon': 19.71328};TRUE;Europe;0
{'en': 'Tijuana Airport'};TIJ;MX;America/Tijuana;TIJ;airport;Tijuana Airport;{'lat': 32.546284, 'lon': -116.97466};TRUE;America;0
{'en': 'Tripoli International Airport'};TIP;LY;Africa/Tripoli;TIP;airport;Tripoli International Airport;{'lat': 32.66989, 'lon': 13.144279};TRUE;Africa / Oceania;0
{'en': 'Toluca International Airport'};MEX;MX;America/Mexico_City;TLC;airport;Toluca International Airport;{'lat': 19.283333, 'lon': -99.666664};TRUE;America;0
{'en': 'Tallinn Airport'};TLL;EE;Europe/Tallinn;TLL;airport;Tallinn Airport;{'lat': 59.416622, 'lon': 24.798702};TRUE;Europe;0
{'en': 'Toulouse-Blagnac Airport'};TLS;FR;Europe/Paris;TLS;airport;Toulouse-Blagnac Airport;{'lat': 43.63007, 'lon': 1.374321};TRUE;Europe;0
{'en': 'Jinan Yaoqiang International Airport'};TNA;CN;Asia/Shanghai;TNA;airport;Jinan Yaoqiang International Airport;{'lat': 36.85769, 'lon': 117.20688};TRUE;Asia;0
{'en': 'Tangier Ibn Battouta Airport'};TNG;MA;Africa/Casablanca;TNG;airport;Tangier Ibn Battouta Airport;{'lat': 35.726288, 'lon': -5.912898};TRUE;Africa / Oceania;0
{'en': 'Antananarivo Airport'};TNR;MG;Indian/Antananarivo;TNR;airport;Antananarivo Airport;{'lat': -18.799631, 'lon': 47.47503};TRUE;Africa / Oceania;0
{'en': 'Tromso/Langnes Airport'};TOS;NO;Europe/Oslo;TOS;airport;Tromso/Langnes Airport;{'lat': 69.67983, 'lon': 18.907343};TRUE;Europe;0
{'en': 'Trapani-Birgi Airport'};TPS;IT;Europe/Rome;TPS;airport;Trapani-Birgi Airport;{'lat': 37.901386, 'lon': 12.495865};TRUE;Europe;0
{'en': 'Trondheim Airport Vaernes'};TRD;NO;Europe/Oslo;TRD;airport;Trondheim Airport Vaernes;{'lat': 63.454285, 'lon': 10.917863};TRUE;Europe;0
{'en': 'Torp Sandefjord Airport'};OSL;NO;Europe/Oslo;TRF;airport;Torp Sandefjord Airport;{'lat': 59.178085, 'lon': 10.251807};TRUE;Europe;0
{'en': 'Turin Airport'};TRN;IT;Europe/Rome;TRN;airport;Turin Airport;{'lat': 45.191456, 'lon': 7.643049};TRUE;Europe;0
{'en': 'Trivandrum International Airport'};TRV;IN;Asia/Kolkata;TRV;airport;Trivandrum International Airport;{'lat': 8.476126, 'lon': 76.91907};TRUE;Asia;0
{'en': 'Treviso Airport'};VCE;IT;Europe/Rome;TSF;airport;Treviso Airport;{'lat': 45.655113, 'lon': 12.204444};TRUE;Europe;0
{'en': 'Timisoara Traian Vuia International Airport'};TSR;RO;Europe/Bucharest;TSR;airport;Timisoara Traian Vuia International Airport;{'lat': 45.809925, 'lon': 21.32012};TRUE;Europe;0
{'en': 'Tunis-Carthage International Airport'};TUN;TN;Africa/Tunis;TUN;airport;Tunis-Carthage International Airport;{'lat': 36.847622, 'lon': 10.21709};TRUE;Africa / Oceania;0
{'en': 'Huangshan Tunxi International Airport'};TXN;CN;Asia/Shanghai;TXN;airport;Huangshan Tunxi International Airport;{'lat': 29.72962, 'lon': 118.25646};TRUE;Asia;0
{'en': 'Taiyuan Wusu International Airport'};TYN;CN;Asia/Shanghai;TYN;airport;Taiyuan Wusu International Airport;{'lat': 37.754997, 'lon': 112.62585};TRUE;Asia;0
{'en': 'Mariscal Sucre International Airport'};UIO;EC;America/Guayaquil;UIO;airport;Mariscal Sucre International Airport;{'lat': -0.145528, 'lon': -78.49053};TRUE;America;0
{'en': 'Sultan Hasanuddin International Airport'};UPG;ID;Asia/Makassar;UPG;airport;Sultan Hasanuddin International Airport;{'lat': -5.058312, 'lon': 119.54589};TRUE;Asia;0
{'en': 'Urumqi Diwopu International Airport'};URC;CN;Asia/Shanghai;URC;airport;Urumqi Diwopu International Airport;{'lat': 43.90126, 'lon': 87.47515};TRUE;Asia;0
{'en': 'Koh Samui Airport'};USM;TH;Asia/Bangkok;USM;airport;Koh Samui Airport;{'lat': 9.555315, 'lon': 100.0628};TRUE;Asia;0
{'en': 'Hewanorra Airport'};SLU;LC;America/St_Lucia;UVF;airport;Hewanorra Airport;{'lat': 13.735556, 'lon': -60.95222};TRUE;America;0
{'en': 'Venice Marco Polo Airport'};VCE;IT;Europe/Rome;VCE;airport;Venice Marco Polo Airport;{'lat': 45.502285, 'lon': 12.337947};TRUE;Europe;0
{'en': 'Valencia Airport'};VLC;ES;Europe/Madrid;VLC;airport;Valencia Airport;{'lat': 39.49179, 'lon': -0.473475};TRUE;Europe;0
{'en': 'Bauerfield Airport'};VLI;VU;Pacific/Efate;VLI;airport;Bauerfield Airport;{'lat': -17.701853, 'lon': 168.3195};TRUE;Africa / Oceania;0
{'en': 'Vilnius International Airport'};VNO;LT;Europe/Vilnius;VNO;airport;Vilnius International Airport;{'lat': 54.643078, 'lon': 25.279606};TRUE;Europe;0
{'en': 'Juan Gualberto Gomez Airport'};VRA;CU;America/Havana;VRA;airport;Juan Gualberto Gomez Airport;{'lat': 23.039896, 'lon': -81.43694};TRUE;America;0
{'en': 'Verona Villafranca Airport'};VRN;IT;Europe/Rome;VRN;airport;Verona Villafranca Airport;{'lat': 45.40233, 'lon': 10.906796};TRUE;Europe;0
{'en': 'Wattay International Airport'};VTE;LA;Asia/Vientiane;VTE;airport;Wattay International Airport;{'lat': 17.975431, 'lon': 102.56772};TRUE;Asia;0
{'en': 'Viru Viru International Airport'};SRZ;BO;America/La_Paz;VVI;airport;Viru Viru International Airport;{'lat': -17.648233, 'lon': -63.140488};TRUE;America;0
{'en': 'Hosea Kutako International Airport'};WDH;NA;Africa/Windhoek;WDH;airport;Hosea Kutako International Airport;{'lat': -22.487345, 'lon': 17.463202};TRUE;Africa / Oceania;0
{'en': 'Warsaw-Modlin Airport'};WAW;PL;Europe/Warsaw;WMI;airport;Warsaw-Modlin Airport;{'lat': 52.45111, 'lon': 20.651667};TRUE;Europe;0
{'en': 'Wenzhou Longwan International Airport'};WNZ;CN;Asia/Shanghai;WNZ;airport;Wenzhou Longwan International Airport;{'lat': 27.91566, 'lon': 120.84738};TRUE;Asia;0
{'en': 'Wroclaw Airport'};WRO;PL;Europe/Warsaw;WRO;airport;Wroclaw Airport;{'lat': 51.10482, 'lon': 16.899403};TRUE;Europe;0
{'en': 'Sunan Shuofang International Airport'};WUX;CN;Asia/Shanghai;WUX;airport;Sunan Shuofang International Airport;{'lat': 31.49289, 'lon': 120.42438};TRUE;Asia;0
{'en': 'Xining Airport'};XNN;CN;Asia/Shanghai;XNN;airport;Xining Airport;{'lat': 36.525322, 'lon': 102.03754};TRUE;Asia;0
{'en': 'Jerez Airport'};XRY;ES;Europe/Madrid;XRY;airport;Jerez Airport;{'lat': 36.750614, 'lon': -6.064535};TRUE;Europe;0
{'en': 'Xuzhou Guanyin Airport'};XUZ;CN;Asia/Shanghai;XUZ;airport;Xuzhou Guanyin Airport;{'lat': 34.052925, 'lon': 117.55408};TRUE;Asia;0
{'en': 'Yuncheng Airport'};YCU;CN;Asia/Shanghai;YCU;airport;Yuncheng Airport;{'lat': 35.018, 'lon': 110.993};TRUE;Asia;0
{'en': 'Edmonton International Airport'};YEA;CA;America/Edmonton;YEG;airport;Edmonton International Airport;{'lat': 53.307377, 'lon': -113.584045};TRUE;America;0
{'en': 'Halifax Stanfield International Airport'};YHZ;CA;America/Halifax;YHZ;airport;Halifax Stanfield International Airport;{'lat': 44.88496, 'lon': -63.51425};TRUE;America;0
{'en': 'Yantai Laishan International Airport'};YNT;CN;Asia/Shanghai;YNT;airport;Yantai Laishan International Airport;{'lat': 37.407326, 'lon': 121.3711};TRUE;Asia;0
{'en': 'Ottawa/Macdonald-Cartier International Airport'};YOW;CA;America/Toronto;YOW;airport;Ottawa/Macdonald-Cartier International Airport;{'lat': 45.32083, 'lon': -75.672775};TRUE;America;0
{'en': 'Quebec City Jean Lesage International Airport'};YQB;CA;America/Montreal;YQB;airport;Quebec City Jean Lesage International Airport;{'lat': 46.792038, 'lon': -71.383385};TRUE;America;0
{'en': 'Thunder Bay International Airport'};YQT;CA;America/Thunder_Bay;YQT;airport;Thunder Bay International Airport;{'lat': 48.37184, 'lon': -89.31167};TRUE;America;0
{'en': 'Toronto City Centre Airport'};YTO;CA;America/Toronto;YTZ;airport;Toronto City Centre Airport;{'lat': 43.632023, 'lon': -79.39585};TRUE;America;0
{'en': 'Winnipeg James Armstrong Richardson International Airport'};YWG;CA;America/Winnipeg;YWG;airport;Winnipeg James Armstrong Richardson International Airport;{'lat': 49.9, 'lon': -97.23333};TRUE;America;0
{'en': 'Wabush Airport'};YWK;CA;America/Goose_Bay;YWK;airport;Wabush Airport;{'lat': 52.926315, 'lon': -66.874};TRUE;America;0
"{'en': ""St. John's International Airport""}";YYT;CA;America/St_Johns;YYT;airport;St. John's International Airport;{'lat': 47.61282, 'lon': -52.74334};TRUE;America;0
{'en': 'Sept-Iles Airport'};YZV;CA;America/Montreal;YZV;airport;Sept-Iles Airport;{'lat': 50.21751, 'lon': -66.26404};TRUE;America;0
{'en': 'Zadar Airport'};ZAD;HR;Europe/Zagreb;ZAD;airport;Zadar Airport;{'lat': 44.09778, 'lon': 15.356667};TRUE;Europe;0
{'en': 'Zagreb International Airport'};ZAG;HR;Europe/Zagreb;ZAG;airport;Zagreb International Airport;{'lat': 45.733242, 'lon': 16.06152};TRUE;Europe;0
{'en': 'Zakinthos Airport'};ZTH;GR;Europe/Athens;ZTH;airport;Zakinthos Airport;{'lat': 37.755833, 'lon': 20.888332};TRUE;Europe;0
{'en': 'Zhuhai Jinwan Airport'};ZUH;CN;Asia/Shanghai;ZUH;airport;Zhuhai Jinwan Airport;{'lat': 22.011787, 'lon': 113.3706};TRUE;Asia;0
