iata;mes;turismo_idx
ADD;1;1.02
ADD;2;0.95
ADD;3;1.24
ADD;4;0.94
ADD;5;0.95
ADD;6;0.91
ADD;7;1.0
ADD;8;0.99
ADD;9;0.93
ADD;10;1.05
ADD;11;1.0
ADD;12;1.01
AGP;1;1.17
AGP;2;0.99
AGP;3;1.1
AGP;4;1.09
AGP;5;1.02
AGP;6;0.94
AGP;7;0.98
AGP;8;0.97
AGP;9;0.95
AGP;10;0.95
AGP;11;0.97
AGP;12;0.86
AKL;1;1.24
AKL;2;1.05
AKL;3;1.17
AKL;4;0.93
AKL;5;0.9
AKL;6;0.88
AKL;7;1.0
AKL;8;1.0
AKL;9;0.89
AKL;10;0.95
AKL;11;1.0
AKL;12;1.0
ALG;1;1.09
ALG;2;0.95
ALG;3;1.09
ALG;4;1.03
ALG;5;0.96
ALG;6;0.91
ALG;7;1.02
ALG;8;0.99
ALG;9;0.91
ALG;10;0.99
ALG;11;1.0
ALG;12;1.05
AMS;1;1.09
AMS;2;0.92
AMS;3;1.04
AMS;4;1.0
AMS;5;1.0
AMS;6;0.93
AMS;7;1.02
AMS;8;1.0
AMS;9;1.0
AMS;10;1.08
AMS;11;1.01
AMS;12;0.92
ARN;1;1.1
ARN;2;0.95
ARN;3;1.01
ARN;4;1.0
ARN;5;1.02
ARN;6;0.96
ARN;7;1.06
ARN;8;1.11
ARN;9;1.0
ARN;10;1.03
ARN;11;0.88
ARN;12;0.87
ATH;1;1.07
ATH;2;0.94
ATH;3;1.04
ATH;4;0.99
ATH;5;1.03
ATH;6;0.95
ATH;7;1.02
ATH;8;1.04
ATH;9;1.02
ATH;10;1.05
ATH;11;0.95
ATH;12;0.9
ATL;1;1.03
ATL;2;0.92
ATL;3;0.98
ATL;4;0.91
ATL;5;0.92
ATL;6;0.86
ATL;7;0.92
ATL;8;1.03
ATL;9;1.09
ATL;10;1.11
ATL;11;1.13
ATL;12;1.1
AUH;1;1.19
AUH;2;1.06
AUH;3;1.06
AUH;4;0.93
AUH;5;0.92
AUH;6;0.81
AUH;7;0.84
AUH;8;0.87
AUH;9;0.93
AUH;10;1.11
AUH;11;1.24
AUH;12;1.04
AYT;1;0.95
AYT;2;0.9
AYT;3;1.01
AYT;4;1.04
AYT;5;1.08
AYT;6;1.07
AYT;7;1.21
AYT;8;1.16
AYT;9;1.04
AYT;10;0.96
AYT;11;0.83
AYT;12;0.76
BCN;1;1.17
BCN;2;1.02
BCN;3;1.07
BCN;4;1.06
BCN;5;0.99
BCN;6;0.81
BCN;7;0.95
BCN;8;0.98
BCN;9;1.02
BCN;10;1.06
BCN;11;0.95
BCN;12;0.92
BKK;1;1.19
BKK;2;1.11
BKK;3;1.1
BKK;4;0.95
BKK;5;0.95
BKK;6;0.83
BKK;7;0.93
BKK;8;0.99
BKK;9;0.95
BKK;10;0.98
BKK;11;1.03
BKK;12;1.0
BLR;1;1.16
BLR;2;1.09
BLR;3;1.26
BLR;4;1.05
BLR;5;0.69
BLR;6;0.75
BLR;7;0.67
BLR;8;0.68
BLR;9;0.57
BLR;10;0.58
BLR;11;1.15
BLR;12;2.36
BNE;1;1.19
BNE;2;0.98
BNE;3;1.01
BNE;4;0.95
BNE;5;0.92
BNE;6;0.87
BNE;7;1.09
BNE;8;1.17
BNE;9;0.93
BNE;10;0.96
BNE;11;0.97
BNE;12;0.97
BOG;1;1.13
BOG;2;0.97
BOG;3;1.09
BOG;4;0.98
BOG;5;0.92
BOG;6;0.89
BOG;7;0.99
BOG;8;1.12
BOG;9;0.98
BOG;10;0.98
BOG;11;1.03
BOG;12;0.92
BOM;1;1.14
BOM;2;0.97
BOM;3;1.04
BOM;4;1.0
BOM;5;0.97
BOM;6;0.94
BOM;7;1.06
BOM;8;1.05
BOM;9;0.9
BOM;10;0.93
BOM;11;0.96
BOM;12;1.04
BOS;1;1.09
BOS;2;0.91
BOS;3;0.98
BOS;4;0.98
BOS;5;1.0
BOS;6;0.95
BOS;7;1.01
BOS;8;1.04
BOS;9;1.01
BOS;10;1.04
BOS;11;1.02
BOS;12;0.97
BRU;1;1.08
BRU;2;0.98
BRU;3;1.12
BRU;4;0.99
BRU;5;1.02
BRU;6;0.92
BRU;7;1.04
BRU;8;0.94
BRU;9;0.95
BRU;10;1.05
BRU;11;0.97
BRU;12;0.95
BSB;1;1.35
BSB;2;0.89
BSB;3;0.98
BSB;4;0.94
BSB;5;0.96
BSB;6;0.91
BSB;7;0.9
BSB;8;0.94
BSB;9;0.93
BSB;10;1.02
BSB;11;1.12
BSB;12;1.05
BUD;1;1.03
BUD;2;0.89
BUD;3;1.04
BUD;4;0.99
BUD;5;1.01
BUD;6;0.95
BUD;7;1.04
BUD;8;1.15
BUD;9;0.98
BUD;10;0.99
BUD;11;0.94
BUD;12;0.99
CAI;1;1.08
CAI;2;0.97
CAI;3;1.06
CAI;4;1.02
CAI;5;0.98
CAI;6;0.92
CAI;7;0.92
CAI;8;0.94
CAI;9;0.99
CAI;10;1.08
CAI;11;1.03
CAI;12;1.01
CAN;1;1.1
CAN;2;0.92
CAN;3;1.07
CAN;4;1.02
CAN;5;0.97
CAN;6;0.89
CAN;7;0.94
CAN;8;1.04
CAN;9;1.01
CAN;10;1.05
CAN;11;1.01
CAN;12;0.99
CCU;1;1.08
CCU;2;0.96
CCU;3;1.04
CCU;4;1.01
CCU;5;0.99
CCU;6;0.89
CCU;7;1.05
CCU;8;1.16
CCU;9;0.93
CCU;10;0.94
CCU;11;0.97
CCU;12;0.99
CDG;1;1.02
CDG;2;0.9
CDG;3;0.99
CDG;4;1.13
CDG;5;0.95
CDG;6;0.88
CDG;7;1.07
CDG;8;1.24
CDG;9;0.91
CDG;10;0.95
CDG;11;0.96
CDG;12;1.01
CGK;1;1.1
CGK;2;0.89
CGK;3;0.96
CGK;4;0.95
CGK;5;0.95
CGK;6;0.83
CGK;7;0.9
CGK;8;1.26
CGK;9;0.95
CGK;10;0.96
CGK;11;0.95
CGK;12;1.3
CGO;1;1.01
CGO;2;0.87
CGO;3;0.93
CGO;4;0.94
CGO;5;0.99
CGO;6;0.94
CGO;7;1.15
CGO;8;1.04
CGO;9;1.06
CGO;10;1.1
CGO;11;1.05
CGO;12;0.93
CJU;1;0.97
CJU;2;0.84
CJU;3;0.92
CJU;4;0.94
CJU;5;0.92
CJU;6;0.85
CJU;7;0.88
CJU;8;0.91
CJU;9;0.85
CJU;10;0.88
CJU;11;0.83
CJU;12;2.21
CKG;1;0.98
CKG;2;1.03
CKG;3;1.02
CKG;4;0.99
CKG;5;0.89
CKG;6;0.86
CKG;7;0.9
CKG;8;0.94
CKG;9;0.95
CKG;10;1.17
CKG;11;1.21
CKG;12;1.06
CLT;1;1.06
CLT;2;0.95
CLT;3;1.03
CLT;4;0.96
CLT;5;1.02
CLT;6;0.91
CLT;7;1.04
CLT;8;1.03
CLT;9;1.09
CLT;10;1.0
CLT;11;0.97
CLT;12;0.94
CMN;1;1.07
CMN;2;0.95
CMN;3;1.03
CMN;4;0.94
CMN;5;0.97
CMN;6;0.92
CMN;7;0.96
CMN;8;0.93
CMN;9;0.98
CMN;10;0.91
CMN;11;0.95
CMN;12;1.38
CNF;1;1.11
CNF;2;0.86
CNF;3;0.95
CNF;4;0.91
CNF;5;0.94
CNF;6;1.07
CNF;7;1.07
CNF;8;1.03
CNF;9;0.91
CNF;10;0.98
CNF;11;1.06
CNF;12;1.11
CPH;1;1.14
CPH;2;0.96
CPH;3;1.15
CPH;4;0.97
CPH;5;0.95
CPH;6;0.88
CPH;7;1.03
CPH;8;1.06
CPH;9;0.95
CPH;10;0.99
CPH;11;0.95
CPH;12;0.98
CPT;1;1.27
CPT;2;1.12
CPT;3;1.04
CPT;4;0.96
CPT;5;0.94
CPT;6;0.84
CPT;7;0.95
CPT;8;1.09
CPT;9;0.92
CPT;10;0.95
CPT;11;0.96
CPT;12;0.96
CSX;1;1.0
CSX;2;0.87
CSX;3;0.99
CSX;4;0.97
CSX;5;1.0
CSX;6;0.89
CSX;7;0.97
CSX;8;1.06
CSX;9;1.07
CSX;10;0.97
CSX;11;0.94
CSX;12;1.28
CTS;1;1.22
CTS;2;1.11
CTS;3;0.99
CTS;4;0.94
CTS;5;0.89
CTS;6;0.86
CTS;7;0.98
CTS;8;0.97
CTS;9;0.99
CTS;10;0.97
CTS;11;1.0
CTS;12;1.07
CTU;1;1.0
CTU;2;0.96
CTU;3;1.02
CTU;4;1.03
CTU;5;0.98
CTU;6;0.89
CTU;7;0.99
CTU;8;0.99
CTU;9;1.1
CTU;10;1.03
CTU;11;1.04
CTU;12;0.98
CUN;1;1.27
CUN;2;1.01
CUN;3;1.14
CUN;4;1.04
CUN;5;1.02
CUN;6;0.86
CUN;7;0.92
CUN;8;0.92
CUN;9;0.86
CUN;10;0.93
CUN;11;0.98
CUN;12;1.05
DAD;1;1.11
DAD;2;0.93
DAD;3;1.08
DAD;4;1.01
DAD;5;0.93
DAD;6;0.88
DAD;7;0.98
DAD;8;1.0
DAD;9;0.93
DAD;10;0.99
DAD;11;0.98
DAD;12;1.18
DCA;1;1.04
DCA;2;0.92
DCA;3;1.04
DCA;4;0.98
DCA;5;0.96
DCA;6;0.92
DCA;7;1.03
DCA;8;1.03
DCA;9;0.96
DCA;10;0.99
DCA;11;1.05
DCA;12;1.08
DEL;1;1.06
DEL;2;0.95
DEL;3;1.04
DEL;4;0.95
DEL;5;0.97
DEL;6;0.93
DEL;7;1.1
DEL;8;1.18
DEL;9;0.94
DEL;10;0.93
DEL;11;1.01
DEL;12;0.93
DEN;1;1.05
DEN;2;0.9
DEN;3;1.01
DEN;4;0.96
DEN;5;1.08
DEN;6;1.08
DEN;7;0.99
DEN;8;0.99
DEN;9;1.0
DEN;10;1.0
DEN;11;0.99
DEN;12;0.94
DFW;1;1.06
DFW;2;0.9
DFW;3;1.02
DFW;4;0.99
DFW;5;1.05
DFW;6;0.97
DFW;7;1.03
DFW;8;1.01
DFW;9;0.94
DFW;10;1.04
DFW;11;1.0
DFW;12;0.99
DME;1;0.98
DME;2;1.15
DME;3;1.39
DME;4;0.99
DME;5;0.94
DME;6;1.0
DME;7;0.95
DME;8;0.91
DME;9;0.91
DME;10;0.93
DME;11;0.91
DME;12;0.95
DOH;1;1.49
DOH;2;1.24
DOH;3;0.87
DOH;4;0.76
DOH;5;0.76
DOH;6;0.75
DOH;7;0.84
DOH;8;0.83
DOH;9;0.92
DOH;10;1.09
DOH;11;1.47
DOH;12;0.98
DPS;1;1.12
DPS;2;0.93
DPS;3;1.04
DPS;4;0.99
DPS;5;0.99
DPS;6;0.96
DPS;7;1.03
DPS;8;1.03
DPS;9;0.98
DPS;10;0.94
DPS;11;1.01
DPS;12;0.98
DTW;1;1.18
DTW;2;0.95
DTW;3;0.95
DTW;4;0.91
DTW;5;0.93
DTW;6;0.93
DTW;7;1.12
DTW;8;1.09
DTW;9;0.96
DTW;10;1.02
DTW;11;1.02
DTW;12;0.95
DUB;1;1.09
DUB;2;0.95
DUB;3;1.16
DUB;4;0.99
DUB;5;1.01
DUB;6;0.92
DUB;7;0.98
DUB;8;1.01
DUB;9;0.98
DUB;10;0.97
DUB;11;1.04
DUB;12;0.89
DUS;1;1.07
DUS;2;0.91
DUS;3;1.04
DUS;4;0.96
DUS;5;1.01
DUS;6;0.98
DUS;7;1.03
DUS;8;1.01
DUS;9;1.02
DUS;10;1.03
DUS;11;1.0
DUS;12;0.94
DXB;1;1.18
DXB;2;0.99
DXB;3;1.04
DXB;4;1.07
DXB;5;0.92
DXB;6;0.85
DXB;7;0.92
DXB;8;0.92
DXB;9;0.95
DXB;10;1.0
DXB;11;1.08
DXB;12;1.07
EWR;1;1.1
EWR;2;0.87
EWR;3;0.97
EWR;4;0.94
EWR;5;0.92
EWR;6;1.01
EWR;7;1.01
EWR;8;1.04
EWR;9;1.04
EWR;10;1.03
EWR;11;1.05
EWR;12;1.02
EZE;1;0.99
EZE;2;0.86
EZE;3;0.94
EZE;4;1.66
EZE;5;0.84
EZE;6;0.83
EZE;7;0.84
EZE;8;0.9
EZE;9;0.81
EZE;10;0.94
EZE;11;1.05
EZE;12;1.34
FCO;1;1.38
FCO;2;0.92
FCO;3;1.01
FCO;4;1.17
FCO;5;1.02
FCO;6;0.9
FCO;7;0.93
FCO;8;0.92
FCO;9;0.95
FCO;10;1.0
FCO;11;0.92
FCO;12;0.89
FLL;1;1.09
FLL;2;0.95
FLL;3;1.01
FLL;4;0.97
FLL;5;0.86
FLL;6;0.94
FLL;7;1.03
FLL;8;1.02
FLL;9;0.89
FLL;10;0.93
FLL;11;0.92
FLL;12;1.4
FRA;1;1.05
FRA;2;0.92
FRA;3;1.05
FRA;4;1.02
FRA;5;1.11
FRA;6;0.98
FRA;7;1.0
FRA;8;0.98
FRA;9;0.96
FRA;10;1.0
FRA;11;1.01
FRA;12;0.93
FUK;1;1.07
FUK;2;0.87
FUK;3;1.03
FUK;4;0.97
FUK;5;0.94
FUK;6;0.88
FUK;7;1.13
FUK;8;0.98
FUK;9;0.96
FUK;10;1.07
FUK;11;1.07
FUK;12;1.03
GDL;1;1.06
GDL;2;0.93
GDL;3;1.03
GDL;4;0.9
GDL;5;0.98
GDL;6;0.89
GDL;7;1.02
GDL;8;0.91
GDL;9;0.98
GDL;10;1.02
GDL;11;1.21
GDL;12;1.06
GIG;1;1.09
GIG;2;0.98
GIG;3;1.08
GIG;4;0.93
GIG;5;0.98
GIG;6;0.91
GIG;7;1.05
GIG;8;1.09
GIG;9;0.94
GIG;10;0.95
GIG;11;1.04
GIG;12;0.97
GRU;1;1.07
GRU;2;0.93
GRU;3;0.99
GRU;4;0.91
GRU;5;0.93
GRU;6;0.91
GRU;7;0.95
GRU;8;1.13
GRU;9;1.04
GRU;10;1.01
GRU;11;1.13
GRU;12;1.01
GVA;1;1.15
GVA;2;0.99
GVA;3;1.11
GVA;4;0.98
GVA;5;1.02
GVA;6;0.93
GVA;7;0.98
GVA;8;0.98
GVA;9;0.97
GVA;10;0.98
GVA;11;0.96
GVA;12;0.94
HAK;1;0.99
HAK;2;0.85
HAK;3;1.02
HAK;4;0.98
HAK;5;0.92
HAK;6;0.84
HAK;7;0.95
HAK;8;0.98
HAK;9;0.96
HAK;10;0.92
HAK;11;0.92
HAK;12;1.66
HAM;1;1.02
HAM;2;0.92
HAM;3;1.08
HAM;4;0.96
HAM;5;1.04
HAM;6;1.01
HAM;7;1.06
HAM;8;1.01
HAM;9;0.96
HAM;10;1.01
HAM;11;0.97
HAM;12;0.94
HAN;1;1.05
HAN;2;0.95
HAN;3;1.01
HAN;4;0.98
HAN;5;0.96
HAN;6;0.84
HAN;7;0.9
HAN;8;0.95
HAN;9;1.01
HAN;10;0.96
HAN;11;0.99
HAN;12;1.41
HEL;1;1.02
HEL;2;0.93
HEL;3;1.06
HEL;4;0.97
HEL;5;1.03
HEL;6;0.93
HEL;7;1.23
HEL;8;1.09
HEL;9;0.96
HEL;10;0.92
HEL;11;0.93
HEL;12;0.92
HGH;1;0.91
HGH;2;0.8
HGH;3;0.93
HGH;4;0.93
HGH;5;0.93
HGH;6;0.85
HGH;7;0.94
HGH;8;1.07
HGH;9;1.48
HGH;10;1.35
HGH;11;0.92
HGH;12;0.88
HKG;1;1.04
HKG;2;0.87
HKG;3;0.96
HKG;4;0.85
HKG;5;0.84
HKG;6;1.03
HKG;7;1.02
HKG;8;1.4
HKG;9;1.12
HKG;10;1.07
HKG;11;0.97
HKG;12;0.83
HND;1;1.03
HND;2;0.87
HND;3;0.97
HND;4;0.93
HND;5;0.94
HND;6;0.9
HND;7;0.93
HND;8;1.06
HND;9;0.97
HND;10;1.06
HND;11;1.41
HND;12;0.95
HYD;1;1.07
HYD;2;0.92
HYD;3;1.01
HYD;4;0.98
HYD;5;1.0
HYD;6;0.92
HYD;7;1.04
HYD;8;1.11
HYD;9;1.0
HYD;10;1.0
HYD;11;0.99
HYD;12;0.97
IAD;1;1.04
IAD;2;0.92
IAD;3;1.04
IAD;4;0.98
IAD;5;0.96
IAD;6;0.92
IAD;7;1.03
IAD;8;1.03
IAD;9;0.96
IAD;10;0.99
IAD;11;1.05
IAD;12;1.08
IAH;1;1.08
IAH;2;0.93
IAH;3;1.03
IAH;4;0.96
IAH;5;0.99
IAH;6;0.89
IAH;7;1.02
IAH;8;1.01
IAH;9;1.03
IAH;10;1.03
IAH;11;1.05
IAH;12;0.96
ICN;1;1.4
ICN;2;1.0
ICN;3;0.96
ICN;4;0.94
ICN;5;0.92
ICN;6;0.85
ICN;7;0.86
ICN;8;0.94
ICN;9;0.9
ICN;10;1.01
ICN;11;0.95
ICN;12;1.26
IST;1;1.01
IST;2;0.99
IST;3;1.0
IST;4;0.94
IST;5;0.96
IST;6;0.92
IST;7;0.96
IST;8;0.95
IST;9;0.95
IST;10;1.23
IST;11;1.16
IST;12;0.94
JED;1;1.14
JED;2;0.91
JED;3;1.1
JED;4;1.01
JED;5;0.91
JED;6;0.91
JED;7;0.94
JED;8;1.0
JED;9;0.92
JED;10;1.07
JED;11;1.08
JED;12;1.0
JFK;1;1.1
JFK;2;0.87
JFK;3;0.97
JFK;4;0.94
JFK;5;0.92
JFK;6;1.01
JFK;7;1.01
JFK;8;1.04
JFK;9;1.04
JFK;10;1.03
JFK;11;1.05
JFK;12;1.02
JNB;1;1.08
JNB;2;0.97
JNB;3;1.01
JNB;4;1.04
JNB;5;0.95
JNB;6;0.9
JNB;7;1.01
JNB;8;1.07
JNB;9;1.02
JNB;10;0.96
JNB;11;0.96
JNB;12;1.02
KBP;1;0.82
KBP;2;3.19
KBP;3;2.24
KBP;4;0.8
KBP;5;0.71
KBP;6;0.58
KBP;7;0.54
KBP;8;0.57
KBP;9;0.56
KBP;10;0.65
KBP;11;0.58
KBP;12;0.75
KIX;1;1.08
KIX;2;0.88
KIX;3;1.14
KIX;4;1.07
KIX;5;0.98
KIX;6;0.95
KIX;7;0.95
KIX;8;0.96
KIX;9;1.04
KIX;10;1.01
KIX;11;0.98
KIX;12;0.94
KMG;1;1.05
KMG;2;0.91
KMG;3;1.22
KMG;4;1.02
KMG;5;0.98
KMG;6;0.94
KMG;7;0.98
KMG;8;0.98
KMG;9;0.97
KMG;10;0.97
KMG;11;0.99
KMG;12;1.0
KUL;1;1.15
KUL;2;1.02
KUL;3;1.06
KUL;4;0.96
KUL;5;0.97
KUL;6;0.88
KUL;7;0.98
KUL;8;1.07
KUL;9;0.97
KUL;10;0.96
KUL;11;1.0
KUL;12;0.98
KWI;1;1.03
KWI;2;0.99
KWI;3;1.02
KWI;4;0.92
KWI;5;0.91
KWI;6;0.96
KWI;7;0.97
KWI;8;0.99
KWI;9;0.97
KWI;10;1.09
KWI;11;1.05
KWI;12;1.1
LAS;1;1.11
LAS;2;0.95
LAS;3;1.0
LAS;4;0.97
LAS;5;1.02
LAS;6;0.96
LAS;7;1.03
LAS;8;1.02
LAS;9;0.96
LAS;10;0.98
LAS;11;1.03
LAS;12;0.98
LAX;1;1.11
LAX;2;0.98
LAX;3;1.05
LAX;4;0.99
LAX;5;1.0
LAX;6;0.95
LAX;7;0.99
LAX;8;1.05
LAX;9;0.96
LAX;10;0.97
LAX;11;1.0
LAX;12;0.94
LED;1;1.02
LED;2;1.12
LED;3;1.25
LED;4;0.92
LED;5;0.91
LED;6;1.04
LED;7;1.0
LED;8;0.91
LED;9;0.87
LED;10;0.94
LED;11;0.9
LED;12;1.13
LGA;1;1.1
LGA;2;0.87
LGA;3;0.97
LGA;4;0.94
LGA;5;0.92
LGA;6;1.01
LGA;7;1.01
LGA;8;1.04
LGA;9;1.04
LGA;10;1.03
LGA;11;1.05
LGA;12;1.02
LGW;1;1.13
LGW;2;0.95
LGW;3;1.05
LGW;4;1.02
LGW;5;1.0
LGW;6;0.94
LGW;7;0.97
LGW;8;0.99
LGW;9;0.98
LGW;10;1.0
LGW;11;1.0
LGW;12;0.97
LHR;1;1.13
LHR;2;0.95
LHR;3;1.05
LHR;4;1.02
LHR;5;1.0
LHR;6;0.94
LHR;7;0.97
LHR;8;0.99
LHR;9;0.98
LHR;10;1.0
LHR;11;1.0
LHR;12;0.97
LIM;1;1.1
LIM;2;0.94
LIM;3;1.04
LIM;4;1.0
LIM;5;1.01
LIM;6;0.97
LIM;7;0.98
LIM;8;0.99
LIM;9;0.96
LIM;10;1.0
LIM;11;1.03
LIM;12;0.96
LIS;1;1.09
LIS;2;0.94
LIS;3;1.1
LIS;4;1.0
LIS;5;1.05
LIS;6;0.98
LIS;7;1.0
LIS;8;0.99
LIS;9;0.99
LIS;10;1.0
LIS;11;0.98
LIS;12;0.88
LOS;1;1.1
LOS;2;0.99
LOS;3;1.11
LOS;4;0.96
LOS;5;0.99
LOS;6;0.97
LOS;7;0.98
LOS;8;1.02
LOS;9;0.95
LOS;10;0.99
LOS;11;0.96
LOS;12;0.97
MAA;1;0.91
MAA;2;1.04
MAA;3;0.98
MAA;4;0.95
MAA;5;0.88
MAA;6;0.88
MAA;7;0.98
MAA;8;1.0
MAA;9;0.92
MAA;10;1.27
MAA;11;1.12
MAA;12;1.07
MAD;1;1.07
MAD;2;0.96
MAD;3;1.03
MAD;4;1.08
MAD;5;1.12
MAD;6;0.97
MAD;7;0.99
MAD;8;0.96
MAD;9;1.01
MAD;10;0.98
MAD;11;0.96
MAD;12;0.89
MAN;1;1.07
MAN;2;0.93
MAN;3;1.01
MAN;4;1.0
MAN;5;1.05
MAN;6;0.95
MAN;7;1.03
MAN;8;1.02
MAN;9;0.98
MAN;10;1.01
MAN;11;1.0
MAN;12;0.94
MCO;1;1.2
MCO;2;1.43
MCO;3;1.34
MCO;4;0.99
MCO;5;0.79
MCO;6;0.75
MCO;7;0.79
MCO;8;0.83
MCO;9;0.85
MCO;10;0.89
MCO;11;0.89
MCO;12;1.26
MDE;1;1.34
MDE;2;1.21
MDE;3;1.05
MDE;4;0.99
MDE;5;0.9
MDE;6;0.96
MDE;7;1.03
MDE;8;0.96
MDE;9;0.87
MDE;10;0.87
MDE;11;0.92
MDE;12;0.92
MDW;1;1.08
MDW;2;0.95
MDW;3;1.02
MDW;4;0.95
MDW;5;0.96
MDW;6;0.93
MDW;7;1.02
MDW;8;1.06
MDW;9;1.01
MDW;10;1.02
MDW;11;0.99
MDW;12;1.0
MEL;1;1.26
MEL;2;0.97
MEL;3;1.02
MEL;4;0.96
MEL;5;0.93
MEL;6;0.89
MEL;7;1.03
MEL;8;1.02
MEL;9;0.96
MEL;10;0.99
MEL;11;1.0
MEL;12;0.97
MEX;1;1.11
MEX;2;0.98
MEX;3;1.06
MEX;4;0.95
MEX;5;0.94
MEX;6;0.94
MEX;7;0.92
MEX;8;0.91
MEX;9;0.92
MEX;10;1.09
MEX;11;1.17
MEX;12;1.01
MIA;1;1.16
MIA;2;0.93
MIA;3;1.07
MIA;4;0.96
MIA;5;0.99
MIA;6;1.02
MIA;7;0.98
MIA;8;1.0
MIA;9;0.95
MIA;10;0.95
MIA;11;0.94
MIA;12;1.04
MNL;1;1.07
MNL;2;0.95
MNL;3;1.06
MNL;4;0.98
MNL;5;0.98
MNL;6;0.9
MNL;7;1.09
MNL;8;1.11
MNL;9;1.08
MNL;10;0.99
MNL;11;0.98
MNL;12;0.83
MSP;1;1.08
MSP;2;1.03
MSP;3;0.97
MSP;4;0.93
MSP;5;0.98
MSP;6;0.96
MSP;7;0.97
MSP;8;1.09
MSP;9;0.95
MSP;10;1.02
MSP;11;0.98
MSP;12;1.04
MTY;1;1.02
MTY;2;0.93
MTY;3;1.09
MTY;4;1.04
MTY;5;1.04
MTY;6;0.93
MTY;7;0.99
MTY;8;1.03
MTY;9;0.93
MTY;10;0.97
MTY;11;0.98
MTY;12;1.05
MUC;1;1.02
MUC;2;0.97
MUC;3;1.04
MUC;4;0.97
MUC;5;0.98
MUC;6;0.98
MUC;7;0.98
MUC;8;1.07
MUC;9;1.01
MUC;10;1.01
MUC;11;0.96
MUC;12;1.0
MXP;1;1.07
MXP;2;1.02
MXP;3;1.03
MXP;4;0.99
MXP;5;1.06
MXP;6;0.95
MXP;7;1.01
MXP;8;1.01
MXP;9;1.0
MXP;10;1.0
MXP;11;0.93
MXP;12;0.93
NBO;1;1.24
NBO;2;0.99
NBO;3;1.09
NBO;4;0.91
NBO;5;0.83
NBO;6;0.81
NBO;7;1.05
NBO;8;0.97
NBO;9;0.99
NBO;10;1.1
NBO;11;1.07
NBO;12;0.96
NKG;1;1.02
NKG;2;0.89
NKG;3;1.06
NKG;4;0.99
NKG;5;1.01
NKG;6;0.95
NKG;7;1.0
NKG;8;1.03
NKG;9;1.07
NKG;10;1.02
NKG;11;1.0
NKG;12;0.96
NRT;1;1.03
NRT;2;0.87
NRT;3;0.97
NRT;4;0.93
NRT;5;0.94
NRT;6;0.9
NRT;7;0.93
NRT;8;1.06
NRT;9;0.97
NRT;10;1.06
NRT;11;1.41
NRT;12;0.95
ORD;1;1.08
ORD;2;0.95
ORD;3;1.02
ORD;4;0.95
ORD;5;0.96
ORD;6;0.93
ORD;7;1.02
ORD;8;1.06
ORD;9;1.01
ORD;10;1.02
ORD;11;0.99
ORD;12;1.0
ORY;1;1.02
ORY;2;0.9
ORY;3;0.99
ORY;4;1.13
ORY;5;0.95
ORY;6;0.88
ORY;7;1.07
ORY;8;1.24
ORY;9;0.91
ORY;10;0.95
ORY;11;0.96
ORY;12;1.01
OSL;1;1.15
OSL;2;0.95
OSL;3;1.01
OSL;4;0.92
OSL;5;0.96
OSL;6;0.97
OSL;7;1.01
OSL;8;1.04
OSL;9;0.96
OSL;10;1.02
OSL;11;0.96
OSL;12;1.03
OTP;1;1.12
OTP;2;0.99
OTP;3;1.12
OTP;4;0.96
OTP;5;0.93
OTP;6;0.92
OTP;7;1.0
OTP;8;1.03
OTP;9;0.93
OTP;10;0.96
OTP;11;0.99
OTP;12;1.03
PEK;1;1.07
PEK;2;1.26
PEK;3;1.08
PEK;4;0.96
PEK;5;0.99
PEK;6;0.87
PEK;7;0.91
PEK;8;1.01
PEK;9;0.95
PEK;10;1.01
PEK;11;0.97
PEK;12;0.91
PER;1;1.19
PER;2;1.04
PER;3;1.05
PER;4;0.95
PER;5;0.94
PER;6;0.88
PER;7;0.98
PER;8;1.01
PER;9;0.93
PER;10;1.02
PER;11;1.01
PER;12;0.99
PHL;1;1.1
PHL;2;1.06
PHL;3;1.0
PHL;4;0.99
PHL;5;0.93
PHL;6;0.89
PHL;7;0.98
PHL;8;1.0
PHL;9;1.0
PHL;10;1.05
PHL;11;1.06
PHL;12;0.94
PHX;1;1.04
PHX;2;0.96
PHX;3;1.07
PHX;4;0.98
PHX;5;0.97
PHX;6;0.9
PHX;7;1.14
PHX;8;1.02
PHX;9;0.95
PHX;10;0.98
PHX;11;1.01
PHX;12;0.99
PMI;1;0.9
PMI;2;0.71
PMI;3;0.82
PMI;4;0.89
PMI;5;1.0
PMI;6;1.28
PMI;7;1.36
PMI;8;1.39
PMI;9;1.18
PMI;10;0.99
PMI;11;0.76
PMI;12;0.71
PRG;1;1.05
PRG;2;0.93
PRG;3;1.05
PRG;4;0.95
PRG;5;0.99
PRG;6;0.95
PRG;7;1.03
PRG;8;1.03
PRG;9;0.98
PRG;10;1.0
PRG;11;0.93
PRG;12;1.11
PTY;1;1.15
PTY;2;0.99
PTY;3;1.06
PTY;4;0.96
PTY;5;0.93
PTY;6;1.05
PTY;7;1.01
PTY;8;0.99
PTY;9;0.92
PTY;10;1.02
PTY;11;0.95
PTY;12;0.97
PUS;1;1.11
PUS;2;1.0
PUS;3;1.02
PUS;4;1.01
PUS;5;0.99
PUS;6;0.9
PUS;7;0.97
PUS;8;0.99
PUS;9;0.94
PUS;10;1.06
PUS;11;0.95
PUS;12;1.07
PVG;1;1.06
PVG;2;0.9
PVG;3;1.06
PVG;4;1.13
PVG;5;0.99
PVG;6;0.91
PVG;7;0.95
PVG;8;1.02
PVG;9;0.99
PVG;10;1.03
PVG;11;1.01
PVG;12;0.96
RUH;1;1.23
RUH;2;0.88
RUH;3;0.97
RUH;4;0.9
RUH;5;0.89
RUH;6;0.86
RUH;7;0.91
RUH;8;0.96
RUH;9;1.02
RUH;10;1.19
RUH;11;1.13
RUH;12;1.05
SAN;1;1.1
SAN;2;0.98
SAN;3;1.07
SAN;4;0.9
SAN;5;0.9
SAN;6;0.88
SAN;7;1.08
SAN;8;1.05
SAN;9;0.95
SAN;10;1.03
SAN;11;1.03
SAN;12;1.03
SAW;1;1.01
SAW;2;0.99
SAW;3;1.0
SAW;4;0.94
SAW;5;0.96
SAW;6;0.92
SAW;7;0.96
SAW;8;0.95
SAW;9;0.95
SAW;10;1.23
SAW;11;1.16
SAW;12;0.94
SCL;1;1.15
SCL;2;1.04
SCL;3;1.09
SCL;4;0.96
SCL;5;0.93
SCL;6;0.88
SCL;7;0.92
SCL;8;0.98
SCL;9;0.94
SCL;10;1.1
SCL;11;1.04
SCL;12;0.97
SEA;1;1.08
SEA;2;0.96
SEA;3;1.02
SEA;4;0.96
SEA;5;0.97
SEA;6;0.93
SEA;7;1.05
SEA;8;1.05
SEA;9;1.0
SEA;10;1.0
SEA;11;1.01
SEA;12;0.98
SFO;1;1.12
SFO;2;0.96
SFO;3;1.02
SFO;4;0.97
SFO;5;0.99
SFO;6;0.96
SFO;7;1.06
SFO;8;1.05
SFO;9;0.98
SFO;10;1.0
SFO;11;0.98
SFO;12;0.93
SGN;1;1.08
SGN;2;0.93
SGN;3;1.07
SGN;4;1.03
SGN;5;1.01
SGN;6;0.91
SGN;7;0.99
SGN;8;1.02
SGN;9;0.96
SGN;10;0.98
SGN;11;1.0
SGN;12;1.03
SHE;1;1.03
SHE;2;0.92
SHE;3;1.04
SHE;4;1.04
SHE;5;1.03
SHE;6;0.92
SHE;7;0.96
SHE;8;1.06
SHE;9;1.08
SHE;10;1.0
SHE;11;0.95
SHE;12;0.98
SHJ;1;1.18
SHJ;2;0.96
SHJ;3;1.02
SHJ;4;0.95
SHJ;5;0.95
SHJ;6;0.8
SHJ;7;0.99
SHJ;8;0.95
SHJ;9;1.01
SHJ;10;1.09
SHJ;11;1.09
SHJ;12;1.01
SIN;1;1.03
SIN;2;0.93
SIN;3;1.02
SIN;4;0.93
SIN;5;0.97
SIN;6;1.04
SIN;7;0.95
SIN;8;1.08
SIN;9;1.05
SIN;10;0.98
SIN;11;0.99
SIN;12;1.03
SLC;1;1.06
SLC;2;1.01
SLC;3;0.99
SLC;4;1.08
SLC;5;0.95
SLC;6;0.99
SLC;7;1.04
SLC;8;1.06
SLC;9;0.98
SLC;10;0.97
SLC;11;0.96
SLC;12;0.91
STN;1;1.13
STN;2;0.95
STN;3;1.05
STN;4;1.02
STN;5;1.0
STN;6;0.94
STN;7;0.97
STN;8;0.99
STN;9;0.98
STN;10;1.0
STN;11;1.0
STN;12;0.97
SUB;1;0.99
SUB;2;0.83
SUB;3;0.97
SUB;4;0.99
SUB;5;1.26
SUB;6;0.89
SUB;7;0.99
SUB;8;1.02
SUB;9;1.02
SUB;10;1.08
SUB;11;1.02
SUB;12;0.95
SVO;1;0.98
SVO;2;1.15
SVO;3;1.39
SVO;4;0.99
SVO;5;0.94
SVO;6;1.0
SVO;7;0.95
SVO;8;0.91
SVO;9;0.91
SVO;10;0.93
SVO;11;0.91
SVO;12;0.95
SYD;1;1.12
SYD;2;0.96
SYD;3;1.05
SYD;4;1.06
SYD;5;0.94
SYD;6;0.9
SYD;7;1.0
SYD;8;1.06
SYD;9;0.97
SYD;10;0.97
SYD;11;1.0
SYD;12;0.98
SZX;1;1.13
SZX;2;0.93
SZX;3;1.09
SZX;4;0.99
SZX;5;0.96
SZX;6;0.89
SZX;7;0.95
SZX;8;1.1
SZX;9;0.99
SZX;10;1.01
SZX;11;0.99
SZX;12;0.96
TAO;1;1.06
TAO;2;0.91
TAO;3;1.03
TAO;4;1.02
TAO;5;1.02
TAO;6;0.99
TAO;7;1.03
TAO;8;1.03
TAO;9;0.98
TAO;10;1.03
TAO;11;0.96
TAO;12;0.95
TLV;1;0.88
TLV;2;0.73
TLV;3;0.86
TLV;4;0.91
TLV;5;0.98
TLV;6;0.67
TLV;7;0.69
TLV;8;0.74
TLV;9;0.73
TLV;10;2.63
TLV;11;1.18
TLV;12;1.01
TPA;1;1.15
TPA;2;0.91
TPA;3;1.03
TPA;4;1.03
TPA;5;0.9
TPA;6;0.85
TPA;7;0.88
TPA;8;0.95
TPA;9;1.07
TPA;10;1.17
TPA;11;0.88
TPA;12;1.17
TPE;1;1.17
TPE;2;0.95
TPE;3;1.03
TPE;4;0.97
TPE;5;0.93
TPE;6;0.86
TPE;7;0.98
TPE;8;1.35
TPE;9;0.91
TPE;10;1.0
TPE;11;0.93
TPE;12;0.91
TSN;1;1.11
TSN;2;0.95
TSN;3;1.07
TSN;4;1.0
TSN;5;0.98
TSN;6;0.94
TSN;7;0.98
TSN;8;1.0
TSN;9;0.96
TSN;10;1.0
TSN;11;1.03
TSN;12;0.98
VCP;1;1.01
VCP;2;0.91
VCP;3;1.15
VCP;4;1.0
VCP;5;1.01
VCP;6;0.98
VCP;7;1.04
VCP;8;1.01
VCP;9;0.93
VCP;10;0.99
VCP;11;0.99
VCP;12;0.99
VIE;1;1.06
VIE;2;0.89
VIE;3;1.04
VIE;4;0.96
VIE;5;0.97
VIE;6;0.95
VIE;7;1.0
VIE;8;1.08
VIE;9;0.98
VIE;10;1.05
VIE;11;0.99
VIE;12;1.03
VKO;1;0.98
VKO;2;1.15
VKO;3;1.39
VKO;4;0.99
VKO;5;0.94
VKO;6;1.0
VKO;7;0.95
VKO;8;0.91
VKO;9;0.91
VKO;10;0.93
VKO;11;0.91
VKO;12;0.95
WAW;1;1.05
WAW;2;0.96
WAW;3;1.18
WAW;4;1.0
WAW;5;0.99
WAW;6;0.92
WAW;7;0.97
WAW;8;1.08
WAW;9;0.96
WAW;10;1.0
WAW;11;0.98
WAW;12;0.92
WUH;1;1.21
WUH;2;1.0
WUH;3;1.06
WUH;4;1.02
WUH;5;0.97
WUH;6;0.88
WUH;7;0.97
WUH;8;0.96
WUH;9;0.96
WUH;10;1.02
WUH;11;0.94
WUH;12;1.01
XIY;1;1.11
XIY;2;0.91
XIY;3;1.02
XIY;4;0.99
XIY;5;1.02
XIY;6;0.96
XIY;7;0.99
XIY;8;1.02
XIY;9;1.02
XIY;10;1.06
XIY;11;0.96
XIY;12;0.94
XMN;1;1.1
XMN;2;0.9
XMN;3;1.06
XMN;4;1.02
XMN;5;1.01
XMN;6;0.92
XMN;7;0.94
XMN;8;1.08
XMN;9;1.0
XMN;10;1.01
XMN;11;0.98
XMN;12;0.97
YUL;1;1.08
YUL;2;0.94
YUL;3;0.97
YUL;4;0.93
YUL;5;0.97
YUL;6;1.02
YUL;7;1.06
YUL;8;1.09
YUL;9;1.02
YUL;10;1.01
YUL;11;0.94
YUL;12;0.96
YVR;1;1.09
YVR;2;0.94
YVR;3;1.0
YVR;4;0.95
YVR;5;0.98
YVR;6;0.97
YVR;7;1.05
YVR;8;1.08
YVR;9;0.99
YVR;10;0.99
YVR;11;0.97
YVR;12;0.98
YYC;1;1.11
YYC;2;0.95
YYC;3;0.99
YYC;4;0.9
YYC;5;0.97
YYC;6;0.94
YYC;7;1.05
YYC;8;1.1
YYC;9;1.04
YYC;10;1.02
YYC;11;0.94
YYC;12;0.99
YYZ;1;1.09
YYZ;2;0.93
YYZ;3;1.01
YYZ;4;0.99
YYZ;5;1.0
YYZ;6;1.04
YYZ;7;1.1
YYZ;8;1.05
YYZ;9;0.99
YYZ;10;0.97
YYZ;11;0.94
YYZ;12;0.89
ZRH;1;0.67
ZRH;2;0.59
ZRH;3;0.65
ZRH;4;0.57
ZRH;5;0.61
ZRH;6;0.59
ZRH;7;1.35
ZRH;8;1.29
ZRH;9;1.39
ZRH;10;1.53
ZRH;11;1.37
ZRH;12;1.38
AAL;1;1.05
AAL;2;0.9
AAL;3;1.09
AAL;4;0.94
AAL;5;1.0
AAL;6;1.01
AAL;7;1.01
AAL;8;1.11
AAL;9;1.0
AAL;10;1.0
AAL;11;0.92
AAL;12;0.98
ABJ;1;1.38
ABJ;2;1.14
ABJ;3;1.02
ABJ;4;0.92
ABJ;5;0.93
ABJ;6;0.9
ABJ;7;0.97
ABJ;8;1.0
ABJ;9;0.88
ABJ;10;0.92
ABJ;11;0.96
ABJ;12;0.98
ABQ;1;1.07
ABQ;2;0.95
ABQ;3;1.13
ABQ;4;0.97
ABQ;5;0.98
ABQ;6;0.89
ABQ;7;1.01
ABQ;8;1.13
ABQ;9;0.99
ABQ;10;1.02
ABQ;11;0.95
ABQ;12;0.91
ABV;1;1.07
ABV;2;0.99
ABV;3;1.05
ABV;4;0.94
ABV;5;0.98
ABV;6;0.96
ABV;7;0.98
ABV;8;1.02
ABV;9;0.97
ABV;10;1.03
ABV;11;1.02
ABV;12;0.99
ABZ;1;1.07
ABZ;2;0.92
ABZ;3;1.01
ABZ;4;0.96
ABZ;5;0.99
ABZ;6;0.92
ABZ;7;0.98
ABZ;8;1.05
ABZ;9;1.14
ABZ;10;1.0
ABZ;11;0.99
ABZ;12;0.95
ACC;1;1.04
ACC;2;0.9
ACC;3;0.97
ACC;4;1.76
ACC;5;0.94
ACC;6;0.86
ACC;7;0.87
ACC;8;0.9
ACC;9;0.87
ACC;10;0.91
ACC;11;1.04
ACC;12;0.94
ACE;1;1.36
ACE;2;1.1
ACE;3;1.11
ACE;4;0.92
ACE;5;0.81
ACE;6;0.78
ACE;7;0.88
ACE;8;0.93
ACE;9;0.91
ACE;10;1.02
ACE;11;1.08
ACE;12;1.1
ADB;1;1.01
ADB;2;0.94
ADB;3;1.0
ADB;4;1.04
ADB;5;1.03
ADB;6;0.98
ADB;7;1.05
ADB;8;1.06
ADB;9;1.05
ADB;10;1.04
ADB;11;0.91
ADB;12;0.9
ADE;1;1.52
ADE;2;0.96
ADE;3;1.08
ADE;4;0.87
ADE;5;0.78
ADE;6;0.79
ADE;7;0.89
ADE;8;0.92
ADE;9;0.95
ADE;10;1.16
ADE;11;1.05
ADE;12;1.03
ADL;1;1.2
ADL;2;0.99
ADL;3;1.0
ADL;4;0.97
ADL;5;0.93
ADL;6;0.85
ADL;7;0.98
ADL;8;1.04
ADL;9;0.94
ADL;10;1.0
ADL;11;1.08
ADL;12;1.03
AEP;1;0.99
AEP;2;0.86
AEP;3;0.94
AEP;4;1.66
AEP;5;0.84
AEP;6;0.83
AEP;7;0.84
AEP;8;0.9
AEP;9;0.81
AEP;10;0.94
AEP;11;1.05
AEP;12;1.34
AGA;1;1.18
AGA;2;1.01
AGA;3;1.03
AGA;4;0.91
AGA;5;0.88
AGA;6;0.87
AGA;7;0.91
AGA;8;0.96
AGA;9;1.09
AGA;10;1.01
AGA;11;1.06
AGA;12;1.08
AHB;1;0.95
AHB;2;0.81
AHB;3;0.86
AHB;4;0.94
AHB;5;0.88
AHB;6;1.09
AHB;7;1.09
AHB;8;1.21
AHB;9;1.03
AHB;10;1.12
AHB;11;1.0
AHB;12;1.01
AHO;1;0.97
AHO;2;0.88
AHO;3;0.96
AHO;4;1.06
AHO;5;1.15
AHO;6;1.13
AHO;7;1.23
AHO;8;1.16
AHO;9;1.06
AHO;10;0.95
AHO;11;0.75
AHO;12;0.7
AJA;1;1.09
AJA;2;0.79
AJA;3;1.12
AJA;4;0.99
AJA;5;1.01
AJA;6;0.95
AJA;7;1.08
AJA;8;0.95
AJA;9;0.85
AJA;10;0.92
AJA;11;1.2
AJA;12;1.05
ALA;1;1.47
ALA;2;0.98
ALA;3;1.09
ALA;4;0.89
ALA;5;0.86
ALA;6;0.85
ALA;7;0.93
ALA;8;0.92
ALA;9;0.95
ALA;10;1.01
ALA;11;0.97
ALA;12;1.09
ALC;1;1.28
ALC;2;1.02
ALC;3;1.04
ALC;4;1.03
ALC;5;1.01
ALC;6;0.96
ALC;7;1.04
ALC;8;1.0
ALC;9;0.92
ALC;10;0.96
ALC;11;0.87
ALC;12;0.86
AMM;1;1.03
AMM;2;0.91
AMM;3;1.02
AMM;4;1.02
AMM;5;0.93
AMM;6;0.89
AMM;7;0.86
AMM;8;0.91
AMM;9;0.99
AMM;10;1.33
AMM;11;1.08
AMM;12;1.04
ANC;1;1.15
ANC;2;0.93
ANC;3;0.94
ANC;4;0.82
ANC;5;0.87
ANC;6;0.9
ANC;7;1.07
ANC;8;1.04
ANC;9;0.95
ANC;10;0.97
ANC;11;1.09
ANC;12;1.26
ANU;1;1.08
ANU;2;0.86
ANU;3;0.97
ANU;4;0.76
ANU;5;0.72
ANU;6;0.86
ANU;7;0.8
ANU;8;0.75
ANU;9;0.72
ANU;10;0.74
ANU;11;0.91
ANU;12;2.83
ASB;1;1.06
ASB;2;0.98
ASB;3;1.12
ASB;4;0.96
ASB;5;0.95
ASB;6;0.9
ASB;7;0.96
ASB;8;1.06
ASB;9;0.87
ASB;10;1.04
ASB;11;0.96
ASB;12;1.14
ASU;1;1.05
ASU;2;0.72
ASU;3;0.8
ASU;4;0.74
ASU;5;0.72
ASU;6;1.32
ASU;7;1.12
ASU;8;0.98
ASU;9;1.04
ASU;10;1.2
ASU;11;1.18
ASU;12;1.15
AUA;1;0.94
AUA;2;0.83
AUA;3;0.92
AUA;4;0.88
AUA;5;1.0
AUA;6;1.0
AUA;7;1.14
AUA;8;1.1
AUA;9;0.98
AUA;10;1.0
AUA;11;1.05
AUA;12;1.17
AUS;1;1.2
AUS;2;0.95
AUS;3;1.15
AUS;4;0.99
AUS;5;0.98
AUS;6;0.89
AUS;7;1.07
AUS;8;1.0
AUS;9;0.93
AUS;10;1.0
AUS;11;0.96
AUS;12;0.88
AWZ;1;0.98
AWZ;2;0.89
AWZ;3;0.89
AWZ;4;0.91
AWZ;5;0.94
AWZ;6;0.92
AWZ;7;1.03
AWZ;8;0.93
AWZ;9;1.55
AWZ;10;1.05
AWZ;11;1.0
AWZ;12;0.9
BAH;1;1.09
BAH;2;0.93
BAH;3;1.22
BAH;4;0.95
BAH;5;0.88
BAH;6;0.89
BAH;7;0.89
BAH;8;1.09
BAH;9;0.9
BAH;10;1.0
BAH;11;1.11
BAH;12;1.04
BDL;1;0.94
BDL;2;1.02
BDL;3;1.22
BDL;4;1.22
BDL;5;1.22
BDL;6;1.18
BDL;7;1.1
BDL;8;0.75
BDL;9;0.9
BDL;10;0.93
BDL;11;0.73
BDL;12;0.79
BEG;1;1.05
BEG;2;0.88
BEG;3;1.09
BEG;4;0.95
BEG;5;1.12
BEG;6;0.98
BEG;7;1.08
BEG;8;1.0
BEG;9;0.97
BEG;10;0.98
BEG;11;0.97
BEG;12;0.93
BEL;1;0.85
BEL;2;0.86
BEL;3;1.0
BEL;4;1.04
BEL;5;1.11
BEL;6;1.0
BEL;7;1.06
BEL;8;0.98
BEL;9;1.05
BEL;10;1.07
BEL;11;1.01
BEL;12;0.96
BEN;1;1.11
BEN;2;1.02
BEN;3;0.86
BEN;4;0.95
BEN;5;0.96
BEN;6;0.89
BEN;7;0.91
BEN;8;0.9
BEN;9;0.94
BEN;10;1.22
BEN;11;1.16
BEN;12;1.08
BES;1;1.02
BES;2;0.94
BES;3;0.99
BES;4;1.07
BES;5;0.98
BES;6;0.95
BES;7;1.09
BES;8;1.05
BES;9;0.94
BES;10;1.06
BES;11;0.97
BES;12;0.94
BEY;1;0.97
BEY;2;0.78
BEY;3;0.93
BEY;4;0.95
BEY;5;0.9
BEY;6;0.95
BEY;7;0.95
BEY;8;0.91
BEY;9;1.18
BEY;10;1.43
BEY;11;0.87
BEY;12;1.18
BFS;1;1.11
BFS;2;1.02
BFS;3;1.18
BFS;4;1.01
BFS;5;0.97
BFS;6;0.93
BFS;7;1.0
BFS;8;1.02
BFS;9;1.0
BFS;10;0.97
BFS;11;0.93
BFS;12;0.87
BGI;1;1.12
BGI;2;1.13
BGI;3;1.09
BGI;4;0.94
BGI;5;0.96
BGI;6;1.1
BGI;7;1.07
BGI;8;0.96
BGI;9;0.99
BGI;10;0.85
BGI;11;0.9
BGI;12;0.89
BGO;1;1.08
BGO;2;0.94
BGO;3;1.04
BGO;4;0.96
BGO;5;0.97
BGO;6;0.99
BGO;7;1.08
BGO;8;1.1
BGO;9;0.98
BGO;10;0.98
BGO;11;0.92
BGO;12;0.97
BGW;1;0.93
BGW;2;0.86
BGW;3;0.94
BGW;4;0.89
BGW;5;0.99
BGW;6;0.92
BGW;7;1.03
BGW;8;1.12
BGW;9;1.03
BGW;10;1.19
BGW;11;1.02
BGW;12;1.07
BGY;1;0.99
BGY;2;0.92
BGY;3;0.98
BGY;4;1.11
BGY;5;1.4
BGY;6;0.86
BGY;7;0.93
BGY;8;1.0
BGY;9;1.0
BGY;10;0.96
BGY;11;0.9
BGY;12;0.94
BHD;1;1.11
BHD;2;1.02
BHD;3;1.18
BHD;4;1.01
BHD;5;0.97
BHD;6;0.93
BHD;7;1.0
BHD;8;1.02
BHD;9;1.0
BHD;10;0.97
BHD;11;0.93
BHD;12;0.87
BHX;1;1.06
BHX;2;0.89
BHX;3;0.97
BHX;4;0.91
BHX;5;0.92
BHX;6;1.14
BHX;7;1.21
BHX;8;1.14
BHX;9;0.98
BHX;10;0.96
BHX;11;0.94
BHX;12;0.9
BIA;1;1.01
BIA;2;0.88
BIA;3;1.08
BIA;4;0.99
BIA;5;1.05
BIA;6;1.03
BIA;7;1.26
BIA;8;1.07
BIA;9;1.0
BIA;10;0.91
BIA;11;0.83
BIA;12;0.9
BIO;1;1.01
BIO;2;0.87
BIO;3;0.98
BIO;4;1.06
BIO;5;1.05
BIO;6;1.03
BIO;7;1.35
BIO;8;1.1
BIO;9;0.97
BIO;10;0.95
BIO;11;0.83
BIO;12;0.79
BIQ;1;0.87
BIQ;2;0.8
BIQ;3;0.88
BIQ;4;0.91
BIQ;5;1.0
BIQ;6;1.09
BIQ;7;1.27
BIQ;8;2.09
BIQ;9;0.97
BIQ;10;0.79
BIQ;11;0.66
BIQ;12;0.66
BJV;1;0.88
BJV;2;0.78
BJV;3;0.87
BJV;4;0.93
BJV;5;1.13
BJV;6;1.22
BJV;7;1.44
BJV;8;1.38
BJV;9;1.13
BJV;10;0.92
BJV;11;0.68
BJV;12;0.63
BKI;1;1.09
BKI;2;0.92
BKI;3;1.06
BKI;4;0.99
BKI;5;0.98
BKI;6;0.93
BKI;7;1.05
BKI;8;1.05
BKI;9;0.98
BKI;10;0.99
BKI;11;1.01
BKI;12;0.95
BKO;1;1.07
BKO;2;0.94
BKO;3;1.16
BKO;4;1.09
BKO;5;0.91
BKO;6;0.92
BKO;7;1.14
BKO;8;1.03
BKO;9;1.05
BKO;10;0.86
BKO;11;0.91
BKO;12;0.9
BLL;1;1.11
BLL;2;0.92
BLL;3;0.99
BLL;4;1.06
BLL;5;1.0
BLL;6;1.0
BLL;7;1.07
BLL;8;1.12
BLL;9;1.0
BLL;10;0.94
BLL;11;0.89
BLL;12;0.89
BLQ;1;1.05
BLQ;2;0.92
BLQ;3;1.05
BLQ;4;1.05
BLQ;5;1.11
BLQ;6;0.96
BLQ;7;0.99
BLQ;8;0.99
BLQ;9;1.01
BLQ;10;1.03
BLQ;11;0.92
BLQ;12;0.92
BMA;1;1.1
BMA;2;0.95
BMA;3;1.01
BMA;4;1.0
BMA;5;1.02
BMA;6;0.96
BMA;7;1.06
BMA;8;1.11
BMA;9;1.0
BMA;10;1.03
BMA;11;0.88
BMA;12;0.87
BNA;1;1.09
BNA;2;0.92
BNA;3;1.14
BNA;4;1.04
BNA;5;0.95
BNA;6;0.87
BNA;7;0.99
BNA;8;1.02
BNA;9;0.98
BNA;10;1.01
BNA;11;1.0
BNA;12;1.01
BND;1;1.15
BND;2;0.99
BND;3;1.0
BND;4;1.04
BND;5;1.01
BND;6;0.95
BND;7;1.1
BND;8;0.92
BND;9;0.87
BND;10;0.99
BND;11;0.94
BND;12;1.04
BOD;1;1.03
BOD;2;0.98
BOD;3;1.05
BOD;4;0.99
BOD;5;1.01
BOD;6;1.02
BOD;7;1.16
BOD;8;1.03
BOD;9;1.0
BOD;10;0.94
BOD;11;0.89
BOD;12;0.89
BOH;1;1.09
BOH;2;0.92
BOH;3;1.0
BOH;4;0.95
BOH;5;0.99
BOH;6;0.91
BOH;7;1.01
BOH;8;1.23
BOH;9;0.95
BOH;10;0.96
BOH;11;0.98
BOH;12;1.01
BOJ;1;0.94
BOJ;2;0.83
BOJ;3;0.99
BOJ;4;0.99
BOJ;5;1.04
BOJ;6;1.11
BOJ;7;1.29
BOJ;8;1.27
BOJ;9;1.01
BOJ;10;0.89
BOJ;11;0.83
BOJ;12;0.8
BOO;1;0.7
BOO;2;1.29
BOO;3;0.61
BOO;4;0.65
BOO;5;0.6
BOO;6;0.72
BOO;7;0.91
BOO;8;1.63
BOO;9;1.06
BOO;10;1.45
BOO;11;1.4
BOO;12;0.99
BPN;1;1.28
BPN;2;0.92
BPN;3;0.97
BPN;4;1.0
BPN;5;0.9
BPN;6;0.83
BPN;7;0.94
BPN;8;1.39
BPN;9;1.01
BPN;10;0.95
BPN;11;0.92
BPN;12;0.89
BRE;1;1.03
BRE;2;0.91
BRE;3;1.02
BRE;4;0.99
BRE;5;1.0
BRE;6;0.98
BRE;7;1.06
BRE;8;1.04
BRE;9;1.0
BRE;10;1.03
BRE;11;0.96
BRE;12;0.99
BRI;1;1.05
BRI;2;0.88
BRI;3;1.0
BRI;4;1.02
BRI;5;1.06
BRI;6;1.05
BRI;7;1.07
BRI;8;1.05
BRI;9;1.05
BRI;10;0.97
BRI;11;0.87
BRI;12;0.94
BRN;1;1.08
BRN;2;0.92
BRN;3;1.04
BRN;4;0.97
BRN;5;1.03
BRN;6;0.99
BRN;7;1.0
BRN;8;1.03
BRN;9;0.98
BRN;10;0.98
BRN;11;0.98
BRN;12;1.0
BRS;1;1.12
BRS;2;0.94
BRS;3;1.08
BRS;4;1.02
BRS;5;0.99
BRS;6;0.91
BRS;7;1.09
BRS;8;1.02
BRS;9;0.96
BRS;10;0.97
BRS;11;0.94
BRS;12;0.94
BSL;1;1.03
BSL;2;0.87
BSL;3;1.01
BSL;4;0.93
BSL;5;0.98
BSL;6;0.95
BSL;7;1.06
BSL;8;1.05
BSL;9;0.98
BSL;10;1.02
BSL;11;0.92
BSL;12;1.2
BTH;1;1.05
BTH;2;0.9
BTH;3;0.98
BTH;4;0.99
BTH;5;0.94
BTH;6;0.93
BTH;7;1.0
BTH;8;1.08
BTH;9;1.1
BTH;10;1.01
BTH;11;0.99
BTH;12;1.02
BTS;1;1.05
BTS;2;0.89
BTS;3;1.06
BTS;4;0.97
BTS;5;1.1
BTS;6;1.0
BTS;7;1.02
BTS;8;1.06
BTS;9;0.99
BTS;10;1.02
BTS;11;0.91
BTS;12;0.93
BVA;1;0.98
BVA;2;0.86
BVA;3;1.09
BVA;4;1.08
BVA;5;1.02
BVA;6;0.97
BVA;7;1.17
BVA;8;1.09
BVA;9;0.97
BVA;10;0.97
BVA;11;0.92
BVA;12;0.89
BVC;1;1.4
BVC;2;1.06
BVC;3;1.04
BVC;4;0.92
BVC;5;0.88
BVC;6;0.85
BVC;7;0.91
BVC;8;0.96
BVC;9;0.96
BVC;10;0.97
BVC;11;1.02
BVC;12;1.02
BWI;1;1.1
BWI;2;0.85
BWI;3;1.59
BWI;4;0.92
BWI;5;0.89
BWI;6;0.88
BWI;7;1.08
BWI;8;0.99
BWI;9;0.92
BWI;10;0.93
BWI;11;0.92
BWI;12;0.93
BWN;1;1.26
BWN;2;0.83
BWN;3;1.14
BWN;4;1.49
BWN;5;0.89
BWN;6;0.81
BWN;7;0.92
BWN;8;0.91
BWN;9;1.06
BWN;10;0.89
BWN;11;0.93
BWN;12;0.87
BZE;1;1.24
BZE;2;1.04
BZE;3;1.13
BZE;4;0.97
BZE;5;0.95
BZE;6;0.9
BZE;7;0.96
BZE;8;0.95
BZE;9;0.91
BZE;10;0.92
BZE;11;1.01
BZE;12;1.02
BZV;1;1.04
BZV;2;0.91
BZV;3;1.12
BZV;4;1.01
BZV;5;1.09
BZV;6;1.04
BZV;7;0.94
BZV;8;1.03
BZV;9;0.95
BZV;10;0.93
BZV;11;0.96
BZV;12;0.98
CAG;1;1.02
CAG;2;0.88
CAG;3;1.02
CAG;4;1.01
CAG;5;1.08
CAG;6;1.12
CAG;7;1.08
CAG;8;1.09
CAG;9;1.05
CAG;10;0.93
CAG;11;0.87
CAG;12;0.84
CCS;1;1.15
CCS;2;1.02
CCS;3;1.08
CCS;4;0.94
CCS;5;0.97
CCS;6;0.95
CCS;7;1.02
CCS;8;1.02
CCS;9;0.93
CCS;10;0.94
CCS;11;1.02
CCS;12;0.96
CEB;1;1.09
CEB;2;0.97
CEB;3;1.08
CEB;4;1.03
CEB;5;1.01
CEB;6;0.88
CEB;7;0.93
CEB;8;0.98
CEB;9;1.02
CEB;10;1.04
CEB;11;1.08
CEB;12;0.88
CFU;1;0.86
CFU;2;0.73
CFU;3;0.95
CFU;4;0.95
CFU;5;1.11
CFU;6;1.14
CFU;7;1.37
CFU;8;1.19
CFU;9;1.08
CFU;10;1.01
CFU;11;0.83
CFU;12;0.77
CGB;1;0.99
CGB;2;0.86
CGB;3;0.96
CGB;4;0.93
CGB;5;0.98
CGB;6;1.06
CGB;7;1.09
CGB;8;1.07
CGB;9;0.96
CGB;10;1.1
CGB;11;1.04
CGB;12;0.96
CGN;1;1.04
CGN;2;0.93
CGN;3;1.01
CGN;4;0.96
CGN;5;1.0
CGN;6;0.99
CGN;7;0.98
CGN;8;1.04
CGN;9;0.96
CGN;10;1.01
CGN;11;1.0
CGN;12;1.09
CGP;1;1.08
CGP;2;0.94
CGP;3;1.09
CGP;4;0.91
CGP;5;0.99
CGP;6;0.89
CGP;7;0.9
CGP;8;1.08
CGP;9;0.98
CGP;10;0.98
CGP;11;1.04
CGP;12;1.12
CGQ;1;1.03
CGQ;2;0.99
CGQ;3;1.1
CGQ;4;0.95
CGQ;5;0.97
CGQ;6;0.89
CGQ;7;1.02
CGQ;8;1.1
CGQ;9;0.95
CGQ;10;0.96
CGQ;11;0.99
CGQ;12;1.04
CGR;1;1.06
CGR;2;0.88
CGR;3;1.11
CGR;4;0.89
CGR;5;0.97
CGR;6;0.98
CGR;7;0.96
CGR;8;1.0
CGR;9;0.99
CGR;10;1.06
CGR;11;1.07
CGR;12;1.03
CHQ;1;0.91
CHQ;2;0.78
CHQ;3;0.89
CHQ;4;1.0
CHQ;5;1.14
CHQ;6;1.2
CHQ;7;1.36
CHQ;8;1.29
CHQ;9;1.15
CHQ;10;0.97
CHQ;11;0.7
CHQ;12;0.62
CIA;1;1.38
CIA;2;0.92
CIA;3;1.01
CIA;4;1.17
CIA;5;1.02
CIA;6;0.9
CIA;7;0.93
CIA;8;0.92
CIA;9;0.95
CIA;10;1.0
CIA;11;0.92
CIA;12;0.89
CIT;1;1.12
CIT;2;0.84
CIT;3;0.97
CIT;4;0.95
CIT;5;0.98
CIT;6;0.98
CIT;7;1.06
CIT;8;1.03
CIT;9;0.94
CIT;10;1.01
CIT;11;1.14
CIT;12;0.99
CLE;1;1.04
CLE;2;0.93
CLE;3;1.01
CLE;4;0.98
CLE;5;1.01
CLE;6;0.94
CLE;7;1.03
CLE;8;1.12
CLE;9;0.98
CLE;10;0.99
CLE;11;1.01
CLE;12;0.96
CLJ;1;1.04
CLJ;2;0.94
CLJ;3;1.01
CLJ;4;0.97
CLJ;5;1.0
CLJ;6;0.95
CLJ;7;1.05
CLJ;8;1.13
CLJ;9;0.98
CLJ;10;1.04
CLJ;11;0.96
CLJ;12;0.93
CLO;1;1.14
CLO;2;0.98
CLO;3;1.02
CLO;4;0.97
CLO;5;0.93
CLO;6;0.92
CLO;7;1.07
CLO;8;1.09
CLO;9;0.97
CLO;10;0.97
CLO;11;0.97
CLO;12;0.95
CMB;1;1.04
CMB;2;0.9
CMB;3;1.05
CMB;4;1.23
CMB;5;0.95
CMB;6;0.81
CMB;7;1.18
CMB;8;0.96
CMB;9;1.1
CMB;10;0.91
CMB;11;0.95
CMB;12;0.9
CMH;1;1.04
CMH;2;0.9
CMH;3;1.01
CMH;4;0.96
CMH;5;0.93
CMH;6;0.89
CMH;7;1.03
CMH;8;1.07
CMH;9;0.97
CMH;10;1.01
CMH;11;1.01
CMH;12;1.18
CNS;1;1.07
CNS;2;0.9
CNS;3;1.0
CNS;4;0.94
CNS;5;0.94
CNS;6;0.92
CNS;7;1.07
CNS;8;1.1
CNS;9;1.01
CNS;10;1.02
CNS;11;0.99
CNS;12;1.04
CNX;1;1.18
CNX;2;0.91
CNX;3;0.91
CNX;4;0.81
CNX;5;0.78
CNX;6;0.73
CNX;7;0.99
CNX;8;1.08
CNX;9;1.01
CNX;10;1.09
CNX;11;1.26
CNX;12;1.24
COK;1;1.19
COK;2;0.95
COK;3;1.05
COK;4;1.0
COK;5;0.96
COK;6;0.85
COK;7;0.95
COK;8;1.04
COK;9;0.98
COK;10;1.01
COK;11;1.02
COK;12;0.99
COO;1;1.13
COO;2;0.99
COO;3;1.05
COO;4;1.01
COO;5;0.95
COO;6;0.93
COO;7;1.01
COO;8;0.98
COO;9;0.95
COO;10;0.96
COO;11;1.0
COO;12;1.03
CRL;1;0.96
CRL;2;1.05
CRL;3;1.02
CRL;4;0.92
CRL;5;1.08
CRL;6;1.0
CRL;7;1.08
CRL;8;0.99
CRL;9;0.98
CRL;10;1.05
CRL;11;0.93
CRL;12;0.93
CTA;1;1.08
CTA;2;0.92
CTA;3;1.07
CTA;4;1.02
CTA;5;1.13
CTA;6;0.95
CTA;7;1.04
CTA;8;1.04
CTA;9;0.98
CTA;10;0.98
CTA;11;0.89
CTA;12;0.91
CUR;1;1.01
CUR;2;0.86
CUR;3;1.21
CUR;4;0.94
CUR;5;0.93
CUR;6;0.93
CUR;7;1.07
CUR;8;1.25
CUR;9;0.92
CUR;10;0.93
CUR;11;1.03
CUR;12;0.91
CVG;1;1.28
CVG;2;1.01
CVG;3;0.92
CVG;4;0.88
CVG;5;0.9
CVG;6;0.85
CVG;7;1.0
CVG;8;1.29
CVG;9;1.0
CVG;10;0.96
CVG;11;0.99
CVG;12;0.92
CWB;1;0.85
CWB;2;0.81
CWB;3;0.92
CWB;4;0.82
CWB;5;0.92
CWB;6;0.85
CWB;7;0.98
CWB;8;0.99
CWB;9;1.04
CWB;10;1.44
CWB;11;1.42
CWB;12;0.95
CWL;1;0.95
CWL;2;0.85
CWL;3;1.02
CWL;4;0.89
CWL;5;0.94
CWL;6;0.93
CWL;7;0.97
CWL;8;0.88
CWL;9;1.1
CWL;10;0.95
CWL;11;1.59
CWL;12;0.93
CZL;1;1.29
CZL;2;0.98
CZL;3;0.97
CZL;4;0.97
CZL;5;0.91
CZL;6;0.84
CZL;7;0.9
CZL;8;0.9
CZL;9;0.99
CZL;10;1.06
CZL;11;1.12
CZL;12;1.06
CZX;1;1.31
CZX;2;0.86
CZX;3;1.03
CZX;4;0.95
CZX;5;0.99
CZX;6;0.89
CZX;7;0.93
CZX;8;1.02
CZX;9;1.21
CZX;10;0.98
CZX;11;0.95
CZX;12;0.89
DAC;1;1.1
DAC;2;0.95
DAC;3;1.05
DAC;4;0.93
DAC;5;0.93
DAC;6;0.92
DAC;7;1.03
DAC;8;1.16
DAC;9;0.94
DAC;10;0.98
DAC;11;1.04
DAC;12;0.96
DAR;1;1.15
DAR;2;0.95
DAR;3;1.04
DAR;4;1.02
DAR;5;0.98
DAR;6;0.91
DAR;7;0.98
DAR;8;1.03
DAR;9;1.0
DAR;10;0.98
DAR;11;1.01
DAR;12;0.97
DBV;1;0.89
DBV;2;0.73
DBV;3;0.88
DBV;4;1.01
DBV;5;1.23
DBV;6;1.24
DBV;7;1.47
DBV;8;1.29
DBV;9;1.08
DBV;10;0.91
DBV;11;0.62
DBV;12;0.63
DJE;1;0.99
DJE;2;0.84
DJE;3;0.9
DJE;4;0.95
DJE;5;1.27
DJE;6;0.96
DJE;7;1.04
DJE;8;1.03
DJE;9;0.95
DJE;10;1.02
DJE;11;1.1
DJE;12;0.95
DKR;1;1.32
DKR;2;1.09
DKR;3;1.18
DKR;4;0.89
DKR;5;0.86
DKR;6;1.01
DKR;7;0.94
DKR;8;0.9
DKR;9;0.89
DKR;10;0.91
DKR;11;1.0
DKR;12;1.01
DLA;1;1.31
DLA;2;0.92
DLA;3;0.93
DLA;4;0.97
DLA;5;1.2
DLA;6;1.11
DLA;7;0.89
DLA;8;0.91
DLA;9;0.82
DLA;10;0.93
DLA;11;1.0
DLA;12;1.01
DLC;1;1.05
DLC;2;0.97
DLC;3;1.04
DLC;4;0.99
DLC;5;1.01
DLC;6;0.96
DLC;7;1.04
DLC;8;1.06
DLC;9;0.97
DLC;10;0.97
DLC;11;0.95
DLC;12;0.98
DLM;1;0.78
DLM;2;0.7
DLM;3;0.86
DLM;4;1.05
DLM;5;1.2
DLM;6;1.31
DLM;7;1.56
DLM;8;1.44
DLM;9;1.12
DLM;10;0.92
DLM;11;0.54
DLM;12;0.5
DMK;1;1.19
DMK;2;1.11
DMK;3;1.1
DMK;4;0.95
DMK;5;0.95
DMK;6;0.83
DMK;7;0.93
DMK;8;0.99
DMK;9;0.95
DMK;10;0.98
DMK;11;1.03
DMK;12;1.0
DMM;1;1.24
DMM;2;0.93
DMM;3;1.0
DMM;4;0.89
DMM;5;0.84
DMM;6;0.87
DMM;7;1.15
DMM;8;1.04
DMM;9;0.98
DMM;10;1.01
DMM;11;1.07
DMM;12;0.99
DRS;1;0.98
DRS;2;0.96
DRS;3;1.04
DRS;4;0.98
DRS;5;0.98
DRS;6;0.92
DRS;7;0.98
DRS;8;1.01
DRS;9;0.96
DRS;10;0.99
DRS;11;1.14
DRS;12;1.07
DRW;1;1.1
DRW;2;0.98
DRW;3;1.04
DRW;4;0.95
DRW;5;0.98
DRW;6;1.02
DRW;7;1.0
DRW;8;1.04
DRW;9;0.9
DRW;10;1.0
DRW;11;1.0
DRW;12;1.0
DSN;1;0.99
DSN;2;1.04
DSN;3;1.0
DSN;4;1.15
DSN;5;1.12
DSN;6;0.97
DSN;7;0.98
DSN;8;1.15
DSN;9;0.86
DSN;10;0.93
DSN;11;0.89
DSN;12;0.92
DTM;1;0.94
DTM;2;0.89
DTM;3;1.01
DTM;4;1.02
DTM;5;1.34
DTM;6;1.07
DTM;7;0.99
DTM;8;0.89
DTM;9;0.92
DTM;10;1.04
DTM;11;0.97
DTM;12;0.92
DWC;1;1.18
DWC;2;0.99
DWC;3;1.04
DWC;4;1.07
DWC;5;0.92
DWC;6;0.85
DWC;7;0.92
DWC;8;0.92
DWC;9;0.95
DWC;10;1.0
DWC;11;1.08
DWC;12;1.07
DYG;1;1.06
DYG;2;0.85
DYG;3;0.97
DYG;4;0.98
DYG;5;0.93
DYG;6;0.84
DYG;7;0.94
DYG;8;0.95
DYG;9;0.97
DYG;10;1.05
DYG;11;1.28
DYG;12;1.19
DYU;1;1.04
DYU;2;0.85
DYU;3;1.14
DYU;4;0.93
DYU;5;0.95
DYU;6;0.9
DYU;7;0.99
DYU;8;0.97
DYU;9;0.99
DYU;10;1.04
DYU;11;0.93
DYU;12;1.26
DZA;1;1.1
DZA;2;0.89
DZA;3;1.05
DZA;4;1.03
DZA;5;1.01
DZA;6;0.93
DZA;7;0.96
DZA;8;0.94
DZA;9;0.81
DZA;10;0.91
DZA;11;1.03
DZA;12;1.33
EBB;1;1.1
EBB;2;0.92
EBB;3;1.03
EBB;4;1.0
EBB;5;0.94
EBB;6;0.9
EBB;7;1.0
EBB;8;0.94
EBB;9;0.9
EBB;10;0.96
EBB;11;0.95
EBB;12;1.35
EBL;1;1.17
EBL;2;0.88
EBL;3;1.12
EBL;4;0.96
EBL;5;0.94
EBL;6;0.82
EBL;7;0.89
EBL;8;0.89
EBL;9;0.97
EBL;10;1.28
EBL;11;1.03
EBL;12;1.06
EDI;1;1.02
EDI;2;0.86
EDI;3;0.98
EDI;4;0.93
EDI;5;0.95
EDI;6;0.93
EDI;7;1.03
EDI;8;1.04
EDI;9;1.14
EDI;10;0.98
EDI;11;0.97
EDI;12;1.18
EIN;1;1.08
EIN;2;0.9
EIN;3;1.01
EIN;4;0.95
EIN;5;0.99
EIN;6;0.93
EIN;7;0.97
EIN;8;1.1
EIN;9;1.04
EIN;10;1.07
EIN;11;1.01
EIN;12;0.94
ELQ;1;1.12
ELQ;2;0.91
ELQ;3;1.04
ELQ;4;0.98
ELQ;5;0.91
ELQ;6;0.88
ELQ;7;0.93
ELQ;8;1.01
ELQ;9;0.97
ELQ;10;1.1
ELQ;11;1.09
ELQ;12;1.06
EMA;1;1.11
EMA;2;0.95
EMA;3;1.0
EMA;4;0.95
EMA;5;1.03
EMA;6;1.14
EMA;7;0.92
EMA;8;1.09
EMA;9;0.94
EMA;10;1.0
EMA;11;0.95
EMA;12;0.92
ESB;1;1.06
ESB;2;1.06
ESB;3;1.04
ESB;4;1.0
ESB;5;1.03
ESB;6;0.94
ESB;7;0.96
ESB;8;0.95
ESB;9;0.91
ESB;10;1.11
ESB;11;0.95
ESB;12;0.99
EVN;1;0.92
EVN;2;0.86
EVN;3;1.06
EVN;4;0.97
EVN;5;0.98
EVN;6;0.87
EVN;7;0.91
EVN;8;0.96
EVN;9;1.3
EVN;10;1.2
EVN;11;1.0
EVN;12;0.97
EXT;1;1.17
EXT;2;0.95
EXT;3;1.03
EXT;4;1.0
EXT;5;0.99
EXT;6;0.9
EXT;7;1.0
EXT;8;1.02
EXT;9;1.01
EXT;10;1.04
EXT;11;0.95
EXT;12;0.95
FAI;1;1.28
FAI;2;0.99
FAI;3;0.9
FAI;4;0.79
FAI;5;0.82
FAI;6;0.92
FAI;7;1.04
FAI;8;1.0
FAI;9;0.92
FAI;10;0.95
FAI;11;1.01
FAI;12;1.38
FAO;1;1.21
FAO;2;0.96
FAO;3;1.07
FAO;4;1.03
FAO;5;1.01
FAO;6;0.96
FAO;7;1.05
FAO;8;1.05
FAO;9;0.99
FAO;10;0.99
FAO;11;0.86
FAO;12;0.82
FDF;1;1.07
FDF;2;0.92
FDF;3;0.97
FDF;4;0.86
FDF;5;1.13
FDF;6;1.17
FDF;7;1.0
FDF;8;1.0
FDF;9;0.9
FDF;10;0.92
FDF;11;1.02
FDF;12;1.02
FDH;1;1.05
FDH;2;0.91
FDH;3;1.03
FDH;4;1.04
FDH;5;1.05
FDH;6;1.06
FDH;7;1.15
FDH;8;1.06
FDH;9;0.97
FDH;10;0.94
FDH;11;0.88
FDH;12;0.87
FEZ;1;1.09
FEZ;2;0.93
FEZ;3;1.11
FEZ;4;0.99
FEZ;5;0.95
FEZ;6;0.82
FEZ;7;0.86
FEZ;8;0.89
FEZ;9;1.02
FEZ;10;1.09
FEZ;11;1.07
FEZ;12;1.17
FIH;1;1.07
FIH;2;0.95
FIH;3;1.06
FIH;4;0.96
FIH;5;1.01
FIH;6;0.92
FIH;7;0.97
FIH;8;1.0
FIH;9;0.98
FIH;10;1.0
FIH;11;0.97
FIH;12;1.11
FKB;1;1.06
FKB;2;0.92
FKB;3;1.03
FKB;4;1.0
FKB;5;0.99
FKB;6;0.94
FKB;7;1.08
FKB;8;1.03
FKB;9;1.0
FKB;10;0.99
FKB;11;0.98
FKB;12;0.95
FLN;1;1.17
FLN;2;0.97
FLN;3;1.06
FLN;4;0.94
FLN;5;0.93
FLN;6;0.96
FLN;7;0.99
FLN;8;0.96
FLN;9;0.91
FLN;10;1.03
FLN;11;1.04
FLN;12;1.02
FLR;1;1.06
FLR;2;0.94
FLR;3;1.05
FLR;4;1.02
FLR;5;1.08
FLR;6;0.99
FLR;7;1.02
FLR;8;1.01
FLR;9;1.09
FLR;10;1.02
FLR;11;0.87
FLR;12;0.86
FMM;1;1.05
FMM;2;0.87
FMM;3;0.99
FMM;4;0.93
FMM;5;0.98
FMM;6;1.01
FMM;7;1.05
FMM;8;1.02
FMM;9;1.01
FMM;10;1.03
FMM;11;1.05
FMM;12;1.0
FNA;1;1.12
FNA;2;1.0
FNA;3;1.11
FNA;4;0.99
FNA;5;1.02
FNA;6;0.94
FNA;7;0.94
FNA;8;0.97
FNA;9;0.96
FNA;10;1.0
FNA;11;1.0
FNA;12;0.96
FNC;1;1.11
FNC;2;0.88
FNC;3;0.97
FNC;4;0.97
FNC;5;0.85
FNC;6;0.92
FNC;7;0.94
FNC;8;0.91
FNC;9;0.85
FNC;10;1.13
FNC;11;1.1
FNC;12;1.37
FOC;1;1.05
FOC;2;0.91
FOC;3;1.08
FOC;4;0.98
FOC;5;0.97
FOC;6;0.93
FOC;7;0.99
FOC;8;1.08
FOC;9;0.99
FOC;10;1.0
FOC;11;1.02
FOC;12;1.01
FOR;1;1.06
FOR;2;0.92
FOR;3;0.96
FOR;4;0.94
FOR;5;0.92
FOR;6;0.91
FOR;7;0.99
FOR;8;1.07
FOR;9;0.97
FOR;10;1.13
FOR;11;1.11
FOR;12;1.01
FUE;1;1.44
FUE;2;1.08
FUE;3;1.08
FUE;4;0.91
FUE;5;0.86
FUE;6;0.88
FUE;7;0.97
FUE;8;1.01
FUE;9;0.94
FUE;10;0.95
FUE;11;0.97
FUE;12;0.91
GCI;1;1.05
GCI;2;0.91
GCI;3;1.32
GCI;4;0.94
GCI;5;0.96
GCI;6;0.91
GCI;7;1.03
GCI;8;1.22
GCI;9;0.99
GCI;10;0.92
GCI;11;0.88
GCI;12;0.88
GCM;1;1.34
GCM;2;1.07
GCM;3;1.12
GCM;4;1.01
GCM;5;0.93
GCM;6;0.93
GCM;7;1.04
GCM;8;0.93
GCM;9;0.89
GCM;10;0.83
GCM;11;0.91
GCM;12;1.0
GDN;1;1.21
GDN;2;0.92
GDN;3;1.02
GDN;4;0.92
GDN;5;0.99
GDN;6;0.97
GDN;7;1.07
GDN;8;1.09
GDN;9;1.0
GDN;10;0.96
GDN;11;0.89
GDN;12;0.95
GLA;1;1.06
GLA;2;0.91
GLA;3;1.07
GLA;4;1.0
GLA;5;0.99
GLA;6;0.96
GLA;7;1.01
GLA;8;1.09
GLA;9;1.04
GLA;10;1.01
GLA;11;0.96
GLA;12;0.92
GOA;1;1.06
GOA;2;0.86
GOA;3;1.03
GOA;4;0.98
GOA;5;1.01
GOA;6;0.96
GOA;7;1.02
GOA;8;1.37
GOA;9;0.96
GOA;10;1.01
GOA;11;0.88
GOA;12;0.87
GOT;1;1.08
GOT;2;0.91
GOT;3;1.03
GOT;4;0.96
GOT;5;1.01
GOT;6;0.94
GOT;7;1.03
GOT;8;1.05
GOT;9;1.22
GOT;10;0.92
GOT;11;0.89
GOT;12;0.97
GRO;1;1.36
GRO;2;0.89
GRO;3;0.87
GRO;4;0.95
GRO;5;0.98
GRO;6;0.76
GRO;7;0.87
GRO;8;0.97
GRO;9;1.05
GRO;10;0.96
GRO;11;0.98
GRO;12;1.37
GUA;1;1.07
GUA;2;0.99
GUA;3;1.07
GUA;4;1.09
GUA;5;0.99
GUA;6;1.08
GUA;7;0.95
GUA;8;0.99
GUA;9;0.95
GUA;10;0.96
GUA;11;0.92
GUA;12;0.94
GUM;1;1.01
GUM;2;0.92
GUM;3;1.01
GUM;4;0.95
GUM;5;1.18
GUM;6;1.02
GUM;7;1.02
GUM;8;1.01
GUM;9;0.93
GUM;10;1.0
GUM;11;1.0
GUM;12;0.94
GYD;1;0.88
GYD;2;0.82
GYD;3;1.05
GYD;4;1.3
GYD;5;1.32
GYD;6;0.91
GYD;7;0.9
GYD;8;0.93
GYD;9;1.07
GYD;10;0.93
GYD;11;0.95
GYD;12;0.93
GYE;1;1.24
GYE;2;0.84
GYE;3;0.96
GYE;4;0.87
GYE;5;0.9
GYE;6;0.85
GYE;7;1.02
GYE;8;1.0
GYE;9;1.03
GYE;10;1.31
GYE;11;1.09
GYE;12;0.88
GYN;1;1.07
GYN;2;0.92
GYN;3;1.02
GYN;4;0.94
GYN;5;0.98
GYN;6;0.93
GYN;7;1.0
GYN;8;0.99
GYN;9;1.01
GYN;10;1.04
GYN;11;1.08
GYN;12;1.02
HAJ;1;1.11
HAJ;2;0.94
HAJ;3;1.04
HAJ;4;1.0
HAJ;5;1.04
HAJ;6;0.97
HAJ;7;1.0
HAJ;8;0.98
HAJ;9;1.03
HAJ;10;0.98
HAJ;11;0.98
HAJ;12;0.93
HAU;1;0.98
HAU;2;0.89
HAU;3;0.85
HAU;4;0.94
HAU;5;1.17
HAU;6;1.12
HAU;7;1.19
HAU;8;1.3
HAU;9;0.95
HAU;10;0.98
HAU;11;0.78
HAU;12;0.86
HAV;1;1.29
HAV;2;1.08
HAV;3;1.15
HAV;4;1.03
HAV;5;1.07
HAV;6;0.91
HAV;7;0.92
HAV;8;0.92
HAV;9;0.9
HAV;10;0.93
HAV;11;0.91
HAV;12;0.88
HBE;1;0.98
HBE;2;0.96
HBE;3;1.01
HBE;4;0.96
HBE;5;1.01
HBE;6;1.04
HBE;7;1.01
HBE;8;1.0
HBE;9;0.91
HBE;10;1.07
HBE;11;1.01
HBE;12;1.04
HER;1;0.9
HER;2;0.8
HER;3;0.91
HER;4;0.95
HER;5;1.18
HER;6;1.12
HER;7;1.31
HER;8;1.22
HER;9;1.17
HER;10;0.98
HER;11;0.75
HER;12;0.69
HET;1;0.99
HET;2;0.91
HET;3;1.03
HET;4;1.02
HET;5;1.01
HET;6;0.96
HET;7;1.05
HET;8;1.06
HET;9;0.99
HET;10;1.0
HET;11;0.95
HET;12;1.03
HFE;1;1.14
HFE;2;0.82
HFE;3;1.0
HFE;4;1.05
HFE;5;1.0
HFE;6;0.95
HFE;7;1.08
HFE;8;1.04
HFE;9;0.99
HFE;10;1.07
HFE;11;0.92
HFE;12;0.94
HHN;1;1.03
HHN;2;0.93
HHN;3;1.0
HHN;4;1.01
HHN;5;1.03
HHN;6;0.98
HHN;7;1.02
HHN;8;1.04
HHN;9;0.96
HHN;10;1.03
HHN;11;1.0
HHN;12;0.98
HIR;1;0.94
HIR;2;0.91
HIR;3;1.15
HIR;4;1.19
HIR;5;1.14
HIR;6;0.88
HIR;7;0.92
HIR;8;0.98
HIR;9;1.07
HIR;10;0.92
HIR;11;1.02
HIR;12;0.88
HKT;1;1.34
HKT;2;1.02
HKT;3;1.08
HKT;4;0.95
HKT;5;0.9
HKT;6;0.76
HKT;7;0.91
HKT;8;0.94
HKT;9;0.94
HKT;10;0.99
HKT;11;1.12
HKT;12;1.05
HNL;1;1.11
HNL;2;0.93
HNL;3;1.01
HNL;4;1.04
HNL;5;1.06
HNL;6;0.89
HNL;7;0.95
HNL;8;1.24
HNL;9;0.88
HNL;10;0.9
HNL;11;1.0
HNL;12;1.0
HOU;1;1.08
HOU;2;0.93
HOU;3;1.03
HOU;4;0.96
HOU;5;0.99
HOU;6;0.89
HOU;7;1.02
HOU;8;1.01
HOU;9;1.03
HOU;10;1.03
HOU;11;1.05
HOU;12;0.96
HRB;1;1.34
HRB;2;0.99
HRB;3;1.0
HRB;4;0.9
HRB;5;0.94
HRB;6;0.81
HRB;7;0.9
HRB;8;1.05
HRB;9;0.91
HRB;10;0.96
HRB;11;1.02
HRB;12;1.17
HRE;1;1.36
HRE;2;0.86
HRE;3;0.96
HRE;4;0.89
HRE;5;0.93
HRE;6;0.94
HRE;7;1.15
HRE;8;1.1
HRE;9;1.03
HRE;10;0.98
HRE;11;0.95
HRE;12;0.85
HRG;1;1.14
HRG;2;0.91
HRG;3;0.96
HRG;4;0.91
HRG;5;0.87
HRG;6;1.04
HRG;7;1.05
HRG;8;1.07
HRG;9;0.98
HRG;10;1.01
HRG;11;1.02
HRG;12;1.04
IBZ;1;0.89
IBZ;2;0.9
IBZ;3;0.93
IBZ;4;0.94
IBZ;5;1.17
IBZ;6;1.21
IBZ;7;1.32
IBZ;8;1.26
IBZ;9;1.01
IBZ;10;0.97
IBZ;11;0.74
IBZ;12;0.67
IFN;1;1.12
IFN;2;0.97
IFN;3;1.01
IFN;4;1.52
IFN;5;0.99
IFN;6;0.82
IFN;7;0.86
IFN;8;0.89
IFN;9;0.88
IFN;10;1.04
IFN;11;0.95
IFN;12;0.95
IKA;1;1.05
IKA;2;0.89
IKA;3;0.94
IKA;4;1.08
IKA;5;1.06
IKA;6;0.93
IKA;7;0.93
IKA;8;1.01
IKA;9;0.98
IKA;10;1.21
IKA;11;0.98
IKA;12;0.95
INC;1;0.94
INC;2;0.86
INC;3;0.97
INC;4;0.92
INC;5;0.89
INC;6;1.41
INC;7;1.39
INC;8;0.97
INC;9;0.85
INC;10;1.04
INC;11;0.85
INC;12;0.91
IND;1;1.08
IND;2;0.9
IND;3;1.01
IND;4;0.98
IND;5;1.04
IND;6;0.91
IND;7;1.03
IND;8;1.07
IND;9;0.97
IND;10;1.02
IND;11;1.04
IND;12;0.95
ISB;1;1.12
ISB;2;1.02
ISB;3;1.11
ISB;4;0.97
ISB;5;0.97
ISB;6;0.86
ISB;7;1.04
ISB;8;1.03
ISB;9;0.97
ISB;10;0.99
ISB;11;1.01
ISB;12;0.91
JAX;1;1.35
JAX;2;0.93
JAX;3;1.01
JAX;4;0.9
JAX;5;0.96
JAX;6;0.86
JAX;7;0.92
JAX;8;1.14
JAX;9;0.98
JAX;10;1.01
JAX;11;0.97
JAX;12;0.97
JER;1;1.04
JER;2;0.86
JER;3;1.03
JER;4;1.07
JER;5;0.98
JER;6;0.98
JER;7;1.09
JER;8;1.06
JER;9;0.94
JER;10;0.99
JER;11;0.91
JER;12;1.04
JHB;1;1.06
JHB;2;1.0
JHB;3;1.07
JHB;4;1.01
JHB;5;1.07
JHB;6;0.96
JHB;7;1.02
JHB;8;1.02
JHB;9;0.96
JHB;10;0.94
JHB;11;0.95
JHB;12;0.93
JIB;1;1.09
JIB;2;0.92
JIB;3;1.01
JIB;4;1.33
JIB;5;1.07
JIB;6;0.97
JIB;7;0.89
JIB;8;0.94
JIB;9;0.81
JIB;10;0.81
JIB;11;1.09
JIB;12;1.07
JJN;1;1.12
JJN;2;0.98
JJN;3;1.16
JJN;4;1.05
JJN;5;0.97
JJN;6;0.9
JJN;7;0.94
JJN;8;0.99
JJN;9;0.95
JJN;10;0.98
JJN;11;0.97
JJN;12;1.0
JMK;1;0.91
JMK;2;0.72
JMK;3;0.81
JMK;4;0.89
JMK;5;1.11
JMK;6;1.33
JMK;7;1.61
JMK;8;1.44
JMK;9;1.18
JMK;10;0.85
JMK;11;0.57
JMK;12;0.57
JOG;1;1.07
JOG;2;0.91
JOG;3;1.03
JOG;4;0.99
JOG;5;1.02
JOG;6;0.91
JOG;7;1.0
JOG;8;1.07
JOG;9;0.99
JOG;10;1.02
JOG;11;1.0
JOG;12;0.99
JRO;1;1.11
JRO;2;1.0
JRO;3;1.16
JRO;4;0.89
JRO;5;0.95
JRO;6;0.91
JRO;7;0.94
JRO;8;1.04
JRO;9;1.05
JRO;10;1.02
JRO;11;0.97
JRO;12;0.97
JTR;1;0.95
JTR;2;0.78
JTR;3;0.89
JTR;4;0.96
JTR;5;1.17
JTR;6;1.24
JTR;7;1.3
JTR;8;1.24
JTR;9;1.12
JTR;10;0.94
JTR;11;0.66
JTR;12;0.74
KBL;1;1.2
KBL;2;0.92
KBL;3;1.0
KBL;4;0.9
KBL;5;0.93
KBL;6;0.86
KBL;7;0.9
KBL;8;1.31
KBL;9;1.01
KBL;10;1.02
KBL;11;0.98
KBL;12;0.97
KCH;1;1.09
KCH;2;0.92
KCH;3;1.05
KCH;4;0.97
KCH;5;0.97
KCH;6;0.94
KCH;7;1.03
KCH;8;1.05
KCH;9;0.99
KCH;10;0.95
KCH;11;0.98
KCH;12;1.06
KEF;1;1.09
KEF;2;0.89
KEF;3;0.97
KEF;4;0.89
KEF;5;1.02
KEF;6;1.08
KEF;7;1.16
KEF;8;1.12
KEF;9;0.96
KEF;10;0.9
KEF;11;0.96
KEF;12;0.96
KGL;1;1.02
KGL;2;0.89
KGL;3;1.08
KGL;4;1.07
KGL;5;0.99
KGL;6;0.96
KGL;7;1.08
KGL;8;0.98
KGL;9;0.93
KGL;10;1.01
KGL;11;0.98
KGL;12;1.0
KGS;1;0.93
KGS;2;0.8
KGS;3;0.91
KGS;4;0.96
KGS;5;1.16
KGS;6;1.24
KGS;7;1.38
KGS;8;1.27
KGS;9;1.11
KGS;10;0.91
KGS;11;0.7
KGS;12;0.64
KHH;1;1.07
KHH;2;0.89
KHH;3;1.01
KHH;4;0.96
KHH;5;0.93
KHH;6;0.86
KHH;7;1.08
KHH;8;1.07
KHH;9;1.02
KHH;10;1.04
KHH;11;1.07
KHH;12;1.0
KHI;1;1.11
KHI;2;1.03
KHI;3;1.09
KHI;4;0.94
KHI;5;0.92
KHI;6;0.95
KHI;7;1.01
KHI;8;1.02
KHI;9;1.01
KHI;10;0.98
KHI;11;0.98
KHI;12;0.94
KHN;1;0.99
KHN;2;0.89
KHN;3;1.02
KHN;4;1.03
KHN;5;1.04
KHN;6;0.87
KHN;7;0.93
KHN;8;1.36
KHN;9;0.95
KHN;10;1.05
KHN;11;0.94
KHN;12;0.94
KIN;1;1.01
KIN;2;0.94
KIN;3;1.0
KIN;4;0.94
KIN;5;0.95
KIN;6;0.95
KIN;7;1.0
KIN;8;1.01
KIN;9;0.89
KIN;10;0.88
KIN;11;0.91
KIN;12;1.52
KOJ;1;1.06
KOJ;2;0.94
KOJ;3;1.07
KOJ;4;1.01
KOJ;5;0.96
KOJ;6;0.88
KOJ;7;1.03
KOJ;8;1.01
KOJ;9;1.02
KOJ;10;0.99
KOJ;11;1.02
KOJ;12;1.0
KRK;1;1.1
KRK;2;0.94
KRK;3;1.12
KRK;4;0.98
KRK;5;0.99
KRK;6;0.93
KRK;7;1.0
KRK;8;1.01
KRK;9;1.0
KRK;10;1.02
KRK;11;0.97
KRK;12;0.95
KRT;1;0.94
KRT;2;0.86
KRT;3;0.93
KRT;4;2.02
KRT;5;1.02
KRT;6;1.02
KRT;7;0.86
KRT;8;0.87
KRT;9;0.79
KRT;10;0.86
KRT;11;0.87
KRT;12;0.95
KTM;1;1.14
KTM;2;0.85
KTM;3;1.0
KTM;4;0.88
KTM;5;0.95
KTM;6;0.84
KTM;7;0.85
KTM;8;0.89
KTM;9;0.88
KTM;10;1.0
KTM;11;0.98
KTM;12;1.72
KTW;1;1.04
KTW;2;1.24
KTW;3;1.12
KTW;4;0.88
KTW;5;0.93
KTW;6;0.88
KTW;7;0.98
KTW;8;1.04
KTW;9;0.98
KTW;10;0.92
KTW;11;0.93
KTW;12;1.07
KUN;1;1.11
KUN;2;0.95
KUN;3;1.18
KUN;4;1.03
KUN;5;1.06
KUN;6;0.93
KUN;7;1.04
KUN;8;0.99
KUN;9;0.92
KUN;10;0.95
KUN;11;0.92
KUN;12;0.92
KWE;1;0.99
KWE;2;0.84
KWE;3;1.14
KWE;4;0.94
KWE;5;1.0
KWE;6;0.9
KWE;7;1.15
KWE;8;1.01
KWE;9;1.04
KWE;10;1.07
KWE;11;0.97
KWE;12;0.96
KWL;1;1.09
KWL;2;0.87
KWL;3;1.04
KWL;4;1.24
KWL;5;1.13
KWL;6;0.91
KWL;7;0.92
KWL;8;0.98
KWL;9;0.93
KWL;10;0.95
KWL;11;0.99
KWL;12;0.96
LAD;1;1.08
LAD;2;0.96
LAD;3;1.03
LAD;4;0.92
LAD;5;0.91
LAD;6;0.98
LAD;7;0.99
LAD;8;1.13
LAD;9;1.01
LAD;10;0.96
LAD;11;0.98
LAD;12;1.04
LBA;1;1.1
LBA;2;0.96
LBA;3;1.01
LBA;4;1.01
LBA;5;1.05
LBA;6;0.91
LBA;7;1.02
LBA;8;1.06
LBA;9;0.96
LBA;10;1.02
LBA;11;0.97
LBA;12;0.94
LBD;1;1.09
LBD;2;0.9
LBD;3;1.08
LBD;4;0.97
LBD;5;0.95
LBD;6;0.89
LBD;7;0.96
LBD;8;0.98
LBD;9;1.01
LBD;10;1.04
LBD;11;1.03
LBD;12;1.11
LBV;1;1.27
LBV;2;0.94
LBV;3;0.99
LBV;4;0.9
LBV;5;0.88
LBV;6;0.84
LBV;7;0.88
LBV;8;1.32
LBV;9;1.09
LBV;10;0.95
LBV;11;0.9
LBV;12;1.03
LCA;1;1.09
LCA;2;0.92
LCA;3;1.06
LCA;4;0.97
LCA;5;0.98
LCA;6;0.95
LCA;7;1.07
LCA;8;1.15
LCA;9;1.03
LCA;10;1.07
LCA;11;0.91
LCA;12;0.81
LCY;1;1.13
LCY;2;0.95
LCY;3;1.05
LCY;4;1.02
LCY;5;1.0
LCY;6;0.94
LCY;7;0.97
LCY;8;0.99
LCY;9;0.98
LCY;10;1.0
LCY;11;1.0
LCY;12;0.97
LEI;1;1.2
LEI;2;0.99
LEI;3;0.99
LEI;4;0.99
LEI;5;0.99
LEI;6;0.91
LEI;7;0.98
LEI;8;1.27
LEI;9;0.99
LEI;10;0.92
LEI;11;0.92
LEI;12;0.87
LEJ;1;0.98
LEJ;2;0.93
LEJ;3;1.04
LEJ;4;0.96
LEJ;5;1.07
LEJ;6;1.06
LEJ;7;0.96
LEJ;8;0.98
LEJ;9;0.95
LEJ;10;1.06
LEJ;11;0.99
LEJ;12;1.01
LFW;1;1.13
LFW;2;0.99
LFW;3;1.06
LFW;4;1.02
LFW;5;0.97
LFW;6;0.91
LFW;7;1.0
LFW;8;1.06
LFW;9;0.97
LFW;10;0.97
LFW;11;0.96
LFW;12;0.96
LHE;1;1.08
LHE;2;0.97
LHE;3;1.08
LHE;4;0.92
LHE;5;1.14
LHE;6;0.88
LHE;7;0.98
LHE;8;1.05
LHE;9;0.99
LHE;10;0.97
LHE;11;1.01
LHE;12;0.92
LHW;1;1.01
LHW;2;0.86
LHW;3;1.08
LHW;4;0.98
LHW;5;0.98
LHW;6;0.92
LHW;7;1.04
LHW;8;0.99
LHW;9;1.01
LHW;10;1.11
LHW;11;0.96
LHW;12;1.07
LIL;1;1.0
LIL;2;0.92
LIL;3;1.07
LIL;4;1.02
LIL;5;0.97
LIL;6;0.93
LIL;7;1.13
LIL;8;1.06
LIL;9;1.0
LIL;10;1.01
LIL;11;0.95
LIL;12;0.93
LIN;1;1.07
LIN;2;1.02
LIN;3;1.03
LIN;4;0.99
LIN;5;1.06
LIN;6;0.95
LIN;7;1.01
LIN;8;1.01
LIN;9;1.0
LIN;10;1.0
LIN;11;0.93
LIN;12;0.93
LIR;1;1.42
LIR;2;1.14
LIR;3;1.18
LIR;4;0.98
LIR;5;0.91
LIR;6;0.86
LIR;7;0.92
LIR;8;0.9
LIR;9;0.78
LIR;10;0.84
LIR;11;1.02
LIR;12;1.05
LJG;1;1.08
LJG;2;0.91
LJG;3;1.07
LJG;4;1.04
LJG;5;0.99
LJG;6;0.93
LJG;7;0.96
LJG;8;0.96
LJG;9;0.95
LJG;10;1.04
LJG;11;1.01
LJG;12;1.07
LJU;1;1.01
LJU;2;0.89
LJU;3;0.99
LJU;4;0.98
LJU;5;1.22
LJU;6;1.09
LJU;7;1.08
LJU;8;1.05
LJU;9;0.96
LJU;10;0.88
LJU;11;0.91
LJU;12;0.94
LOP;1;0.99
LOP;2;0.86
LOP;3;0.95
LOP;4;1.05
LOP;5;0.94
LOP;6;0.9
LOP;7;1.04
LOP;8;1.47
LOP;9;0.97
LOP;10;0.96
LOP;11;0.92
LOP;12;0.96
LPA;1;1.27
LPA;2;0.93
LPA;3;1.02
LPA;4;0.89
LPA;5;0.86
LPA;6;0.82
LPA;7;0.93
LPA;8;1.12
LPA;9;0.98
LPA;10;0.98
LPA;11;1.05
LPA;12;1.16
LPB;1;1.07
LPB;2;0.93
LPB;3;0.98
LPB;4;0.96
LPB;5;0.95
LPB;6;0.99
LPB;7;0.94
LPB;8;1.04
LPB;9;1.07
LPB;10;1.03
LPB;11;1.13
LPB;12;0.92
LPL;1;1.03
LPL;2;0.94
LPL;3;1.02
LPL;4;1.1
LPL;5;1.25
LPL;6;0.91
LPL;7;0.94
LPL;8;0.95
LPL;9;0.94
LPL;10;1.0
LPL;11;0.94
LPL;12;0.99
LTN;1;1.13
LTN;2;0.95
LTN;3;1.05
LTN;4;1.02
LTN;5;1.0
LTN;6;0.94
LTN;7;0.97
LTN;8;0.99
LTN;9;0.98
LTN;10;1.0
LTN;11;1.0
LTN;12;0.97
LUN;1;1.15
LUN;2;0.94
LUN;3;1.05
LUN;4;0.93
LUN;5;1.0
LUN;6;0.92
LUN;7;1.02
LUN;8;1.02
LUN;9;0.99
LUN;10;1.0
LUN;11;0.99
LUN;12;1.0
LUX;1;0.97
LUX;2;0.87
LUX;3;1.02
LUX;4;0.92
LUX;5;1.06
LUX;6;0.98
LUX;7;1.11
LUX;8;1.0
LUX;9;1.1
LUX;10;1.0
LUX;11;1.04
LUX;12;0.93
LXA;1;1.1
LXA;2;0.97
LXA;3;1.12
LXA;4;1.0
LXA;5;0.99
LXA;6;0.91
LXA;7;0.96
LXA;8;1.02
LXA;9;0.98
LXA;10;1.0
LXA;11;0.95
LXA;12;1.0
LYS;1;1.03
LYS;2;0.92
LYS;3;1.03
LYS;4;1.0
LYS;5;1.05
LYS;6;0.99
LYS;7;1.08
LYS;8;0.97
LYS;9;0.98
LYS;10;1.03
LYS;11;0.96
LYS;12;0.98
MAH;1;0.89
MAH;2;0.83
MAH;3;0.88
MAH;4;0.97
MAH;5;1.14
MAH;6;1.21
MAH;7;1.29
MAH;8;1.28
MAH;9;1.13
MAH;10;0.98
MAH;11;0.69
MAH;12;0.71
MAO;1;1.03
MAO;2;1.02
MAO;3;0.97
MAO;4;0.86
MAO;5;0.91
MAO;6;1.04
MAO;7;0.94
MAO;8;0.99
MAO;9;1.05
MAO;10;1.04
MAO;11;1.1
MAO;12;1.04
MBJ;1;1.36
MBJ;2;1.04
MBJ;3;1.08
MBJ;4;0.96
MBJ;5;0.97
MBJ;6;0.96
MBJ;7;1.01
MBJ;8;0.97
MBJ;9;0.88
MBJ;10;0.88
MBJ;11;0.92
MBJ;12;0.97
MCI;1;1.42
MCI;2;1.57
MCI;3;0.89
MCI;4;0.86
MCI;5;0.85
MCI;6;0.84
MCI;7;0.87
MCI;8;0.9
MCI;9;0.9
MCI;10;1.01
MCI;11;0.94
MCI;12;0.95
MCT;1;0.8
MCT;2;0.68
MCT;3;0.71
MCT;4;1.71
MCT;5;0.76
MCT;6;0.61
MCT;7;2.51
MCT;8;1.08
MCT;9;0.66
MCT;10;0.72
MCT;11;0.94
MCT;12;0.82
MED;1;1.04
MED;2;0.9
MED;3;1.06
MED;4;1.13
MED;5;0.99
MED;6;0.88
MED;7;0.91
MED;8;0.95
MED;9;0.95
MED;10;1.17
MED;11;1.06
MED;12;0.97
MEM;1;1.34
MEM;2;0.97
MEM;3;1.02
MEM;4;1.0
MEM;5;0.96
MEM;6;0.91
MEM;7;0.97
MEM;8;1.0
MEM;9;0.99
MEM;10;0.95
MEM;11;0.97
MEM;12;0.94
MFM;1;1.06
MFM;2;0.91
MFM;3;1.05
MFM;4;0.92
MFM;5;0.94
MFM;6;0.94
MFM;7;1.0
MFM;8;1.1
MFM;9;0.92
MFM;10;1.05
MFM;11;1.03
MFM;12;1.09
MHD;1;1.13
MHD;2;0.91
MHD;3;0.99
MHD;4;1.03
MHD;5;1.24
MHD;6;0.88
MHD;7;0.91
MHD;8;0.94
MHD;9;0.94
MHD;10;1.11
MHD;11;0.96
MHD;12;0.95
MIR;1;0.91
MIR;2;0.8
MIR;3;0.91
MIR;4;0.94
MIR;5;0.97
MIR;6;1.04
MIR;7;1.21
MIR;8;1.14
MIR;9;1.21
MIR;10;1.14
MIR;11;0.88
MIR;12;0.84
MKE;1;0.96
MKE;2;0.82
MKE;3;0.95
MKE;4;0.95
MKE;5;1.07
MKE;6;0.89
MKE;7;1.07
MKE;8;1.0
MKE;9;1.01
MKE;10;1.34
MKE;11;1.02
MKE;12;0.93
MLA;1;1.07
MLA;2;0.95
MLA;3;1.05
MLA;4;1.02
MLA;5;1.01
MLA;6;1.07
MLA;7;1.02
MLA;8;0.99
MLA;9;0.98
MLA;10;0.98
MLA;11;0.97
MLA;12;0.89
MLE;1;1.37
MLE;2;1.11
MLE;3;1.05
MLE;4;0.94
MLE;5;0.89
MLE;6;0.85
MLE;7;0.91
MLE;8;1.02
MLE;9;0.99
MLE;10;0.9
MLE;11;1.03
MLE;12;0.93
MMX;1;0.86
MMX;2;0.73
MMX;3;0.82
MMX;4;0.82
MMX;5;1.73
MMX;6;1.75
MMX;7;1.3
MMX;8;0.89
MMX;9;0.84
MMX;10;0.77
MMX;11;0.77
MMX;12;0.73
MPL;1;1.07
MPL;2;0.95
MPL;3;1.03
MPL;4;1.0
MPL;5;1.02
MPL;6;1.03
MPL;7;1.14
MPL;8;1.14
MPL;9;0.98
MPL;10;0.92
MPL;11;0.86
MPL;12;0.88
MPM;1;1.1
MPM;2;0.97
MPM;3;1.16
MPM;4;0.97
MPM;5;0.93
MPM;6;0.9
MPM;7;1.0
MPM;8;0.96
MPM;9;0.94
MPM;10;1.0
MPM;11;1.04
MPM;12;1.03
MRS;1;1.0
MRS;2;0.95
MRS;3;1.04
MRS;4;1.06
MRS;5;1.06
MRS;6;1.01
MRS;7;1.16
MRS;8;1.05
MRS;9;0.97
MRS;10;0.96
MRS;11;0.86
MRS;12;0.88
MRU;1;1.17
MRU;2;1.02
MRU;3;1.0
MRU;4;0.89
MRU;5;0.91
MRU;6;0.95
MRU;7;1.1
MRU;8;1.07
MRU;9;0.97
MRU;10;0.96
MRU;11;1.01
MRU;12;0.94
MSQ;1;1.06
MSQ;2;1.31
MSQ;3;1.28
MSQ;4;0.89
MSQ;5;0.95
MSQ;6;1.03
MSQ;7;0.96
MSQ;8;0.92
MSQ;9;0.93
MSQ;10;0.92
MSQ;11;0.85
MSQ;12;0.91
MST;1;1.03
MST;2;0.87
MST;3;1.03
MST;4;1.0
MST;5;0.99
MST;6;0.93
MST;7;1.09
MST;8;1.06
MST;9;0.99
MST;10;0.95
MST;11;0.96
MST;12;1.09
MSY;1;1.17
MSY;2;0.99
MSY;3;1.08
MSY;4;1.04
MSY;5;0.95
MSY;6;0.88
MSY;7;0.95
MSY;8;0.94
MSY;9;0.96
MSY;10;1.01
MSY;11;1.0
MSY;12;1.01
MVD;1;1.14
MVD;2;0.88
MVD;3;1.02
MVD;4;0.85
MVD;5;0.84
MVD;6;1.13
MVD;7;1.18
MVD;8;0.91
MVD;9;0.84
MVD;10;0.91
MVD;11;1.1
MVD;12;1.2
MYR;1;0.89
MYR;2;0.85
MYR;3;1.01
MYR;4;0.96
MYR;5;0.96
MYR;6;1.09
MYR;7;1.18
MYR;8;1.08
MYR;9;1.11
MYR;10;0.79
MYR;11;0.62
MYR;12;1.46
NAN;1;1.11
NAN;2;0.93
NAN;3;1.05
NAN;4;1.02
NAN;5;0.96
NAN;6;0.91
NAN;7;1.02
NAN;8;1.01
NAN;9;1.01
NAN;10;1.0
NAN;11;0.98
NAN;12;1.02
NAP;1;1.06
NAP;2;0.92
NAP;3;1.04
NAP;4;1.02
NAP;5;1.09
NAP;6;0.97
NAP;7;1.04
NAP;8;1.03
NAP;9;1.04
NAP;10;1.03
NAP;11;0.88
NAP;12;0.88
NAS;1;1.26
NAS;2;0.99
NAS;3;1.05
NAS;4;1.03
NAS;5;1.06
NAS;6;0.99
NAS;7;1.05
NAS;8;0.99
NAS;9;1.13
NAS;10;0.78
NAS;11;0.83
NAS;12;0.85
NAT;1;1.13
NAT;2;0.9
NAT;3;1.06
NAT;4;0.99
NAT;5;0.98
NAT;6;0.93
NAT;7;1.04
NAT;8;0.99
NAT;9;0.91
NAT;10;0.99
NAT;11;1.01
NAT;12;1.09
NBE;1;0.76
NBE;2;0.6
NBE;3;0.68
NBE;4;0.87
NBE;5;1.19
NBE;6;1.26
NBE;7;1.31
NBE;8;1.3
NBE;9;1.26
NBE;10;1.02
NBE;11;0.9
NBE;12;0.84
NCE;1;1.02
NCE;2;0.92
NCE;3;1.03
NCE;4;1.0
NCE;5;1.05
NCE;6;1.05
NCE;7;1.25
NCE;8;1.08
NCE;9;1.02
NCE;10;0.91
NCE;11;0.82
NCE;12;0.83
NCL;1;1.13
NCL;2;0.97
NCL;3;0.98
NCL;4;1.05
NCL;5;1.02
NCL;6;0.87
NCL;7;0.93
NCL;8;1.14
NCL;9;0.97
NCL;10;1.0
NCL;11;0.95
NCL;12;0.98
NDJ;1;1.11
NDJ;2;0.93
NDJ;3;1.08
NDJ;4;1.09
NDJ;5;1.02
NDJ;6;0.96
NDJ;7;0.99
NDJ;8;1.03
NDJ;9;0.89
NDJ;10;0.93
NDJ;11;0.99
NDJ;12;0.99
NDR;1;1.06
NDR;2;0.96
NDR;3;0.99
NDR;4;0.96
NDR;5;0.96
NDR;6;1.0
NDR;7;1.12
NDR;8;1.07
NDR;9;0.97
NDR;10;0.98
NDR;11;0.95
NDR;12;0.98
NGB;1;1.1
NGB;2;0.85
NGB;3;1.01
NGB;4;1.0
NGB;5;1.09
NGB;6;0.9
NGB;7;0.95
NGB;8;1.11
NGB;9;1.03
NGB;10;1.03
NGB;11;0.98
NGB;12;0.95
NGO;1;1.04
NGO;2;0.92
NGO;3;1.05
NGO;4;0.99
NGO;5;0.97
NGO;6;0.88
NGO;7;0.97
NGO;8;0.98
NGO;9;0.95
NGO;10;1.04
NGO;11;1.0
NGO;12;1.2
NGS;1;0.97
NGS;2;0.93
NGS;3;1.14
NGS;4;1.0
NGS;5;0.97
NGS;6;0.86
NGS;7;1.22
NGS;8;1.33
NGS;9;0.83
NGS;10;0.9
NGS;11;0.9
NGS;12;0.94
NNG;1;1.04
NNG;2;0.91
NNG;3;1.23
NNG;4;0.96
NNG;5;1.02
NNG;6;0.89
NNG;7;0.94
NNG;8;0.99
NNG;9;1.01
NNG;10;1.01
NNG;11;0.99
NNG;12;1.02
NOC;1;1.13
NOC;2;1.1
NOC;3;1.09
NOC;4;0.95
NOC;5;1.09
NOC;6;0.81
NOC;7;0.85
NOC;8;0.87
NOC;9;0.97
NOC;10;1.11
NOC;11;1.09
NOC;12;0.94
NRN;1;1.1
NRN;2;0.95
NRN;3;1.04
NRN;4;0.96
NRN;5;0.99
NRN;6;1.03
NRN;7;1.03
NRN;8;1.06
NRN;9;0.99
NRN;10;0.94
NRN;11;0.94
NRN;12;0.97
NSI;1;1.34
NSI;2;1.02
NSI;3;0.89
NSI;4;1.08
NSI;5;1.21
NSI;6;0.78
NSI;7;1.07
NSI;8;1.23
NSI;9;0.68
NSI;10;0.81
NSI;11;0.99
NSI;12;0.89
NTE;1;1.1
NTE;2;0.98
NTE;3;1.04
NTE;4;0.98
NTE;5;1.01
NTE;6;0.95
NTE;7;1.14
NTE;8;1.06
NTE;9;1.01
NTE;10;0.97
NTE;11;0.9
NTE;12;0.86
NUE;1;1.01
NUE;2;0.88
NUE;3;1.09
NUE;4;0.98
NUE;5;1.05
NUE;6;0.95
NUE;7;0.99
NUE;8;1.02
NUE;9;0.95
NUE;10;1.0
NUE;11;0.99
NUE;12;1.1
NYO;1;1.1
NYO;2;0.95
NYO;3;1.01
NYO;4;1.0
NYO;5;1.02
NYO;6;0.96
NYO;7;1.06
NYO;8;1.11
NYO;9;1.0
NYO;10;1.03
NYO;11;0.88
NYO;12;0.87
OAK;1;1.1
OAK;2;0.92
OAK;3;1.01
OAK;4;1.0
OAK;5;1.02
OAK;6;1.01
OAK;7;1.04
OAK;8;1.01
OAK;9;0.98
OAK;10;1.0
OAK;11;0.97
OAK;12;0.94
OGG;1;1.1
OGG;2;0.96
OGG;3;0.99
OGG;4;0.86
OGG;5;1.01
OGG;6;0.83
OGG;7;0.94
OGG;8;1.64
OGG;9;0.89
OGG;10;0.9
OGG;11;0.9
OGG;12;0.99
OKA;1;1.1
OKA;2;0.96
OKA;3;1.02
OKA;4;0.98
OKA;5;0.96
OKA;6;0.93
OKA;7;1.03
OKA;8;1.08
OKA;9;0.95
OKA;10;1.02
OKA;11;0.94
OKA;12;1.04
OLB;1;0.95
OLB;2;0.82
OLB;3;0.95
OLB;4;0.97
OLB;5;1.15
OLB;6;1.19
OLB;7;1.35
OLB;8;1.23
OLB;9;1.08
OLB;10;0.87
OLB;11;0.68
OLB;12;0.76
OOL;1;1.12
OOL;2;0.92
OOL;3;1.01
OOL;4;1.64
OOL;5;0.89
OOL;6;0.81
OOL;7;0.92
OOL;8;1.05
OOL;9;0.92
OOL;10;0.89
OOL;11;0.91
OOL;12;0.92
OPO;1;1.04
OPO;2;0.95
OPO;3;1.1
OPO;4;1.05
OPO;5;1.05
OPO;6;0.99
OPO;7;1.02
OPO;8;1.02
OPO;9;1.03
OPO;10;1.04
OPO;11;0.89
OPO;12;0.81
ORK;1;1.04
ORK;2;0.92
ORK;3;1.14
ORK;4;0.91
ORK;5;0.97
ORK;6;0.9
ORK;7;1.07
ORK;8;1.0
ORK;9;0.93
ORK;10;0.9
ORK;11;0.87
ORK;12;1.35
ORN;1;1.06
ORN;2;0.92
ORN;3;1.0
ORN;4;1.04
ORN;5;1.06
ORN;6;0.97
ORN;7;1.02
ORN;8;0.97
ORN;9;0.88
ORN;10;0.98
ORN;11;1.03
ORN;12;1.05
OSS;1;1.29
OSS;2;0.91
OSS;3;1.0
OSS;4;0.89
OSS;5;0.99
OSS;6;0.9
OSS;7;0.95
OSS;8;1.0
OSS;9;1.05
OSS;10;1.04
OSS;11;1.01
OSS;12;0.98
OUA;1;1.41
OUA;2;0.93
OUA;3;1.37
OUA;4;0.89
OUA;5;0.88
OUA;6;0.82
OUA;7;0.96
OUA;8;1.06
OUA;9;0.89
OUA;10;1.04
OUA;11;0.87
OUA;12;0.86
OVD;1;0.95
OVD;2;0.83
OVD;3;1.08
OVD;4;1.03
OVD;5;1.09
OVD;6;1.1
OVD;7;1.06
OVD;8;1.08
OVD;9;1.02
OVD;10;0.97
OVD;11;0.96
OVD;12;0.85
PAP;1;1.05
PAP;2;0.93
PAP;3;1.63
PAP;4;0.92
PAP;5;0.91
PAP;6;0.8
PAP;7;0.89
PAP;8;0.86
PAP;9;1.0
PAP;10;1.02
PAP;11;0.99
PAP;12;0.98
PBI;1;1.09
PBI;2;0.97
PBI;3;1.09
PBI;4;0.98
PBI;5;0.94
PBI;6;0.89
PBI;7;0.92
PBI;8;0.99
PBI;9;1.04
PBI;10;1.06
PBI;11;1.04
PBI;12;1.0
PDL;1;1.1
PDL;2;0.91
PDL;3;1.03
PDL;4;1.01
PDL;5;1.03
PDL;6;1.01
PDL;7;1.06
PDL;8;1.07
PDL;9;1.03
PDL;10;0.95
PDL;11;0.9
PDL;12;0.9
PDX;1;1.06
PDX;2;0.91
PDX;3;1.04
PDX;4;0.96
PDX;5;1.0
PDX;6;0.97
PDX;7;1.07
PDX;8;1.06
PDX;9;0.99
PDX;10;1.01
PDX;11;0.98
PDX;12;0.96
PEN;1;1.09
PEN;2;0.94
PEN;3;1.07
PEN;4;0.93
PEN;5;1.05
PEN;6;0.93
PEN;7;1.02
PEN;8;1.08
PEN;9;0.97
PEN;10;0.95
PEN;11;0.98
PEN;12;0.99
PEW;1;1.14
PEW;2;1.07
PEW;3;1.22
PEW;4;0.9
PEW;5;0.95
PEW;6;0.85
PEW;7;0.96
PEW;8;1.0
PEW;9;1.02
PEW;10;0.98
PEW;11;0.97
PEW;12;0.94
PFO;1;1.14
PFO;2;0.95
PFO;3;1.03
PFO;4;1.08
PFO;5;1.03
PFO;6;0.96
PFO;7;1.02
PFO;8;1.05
PFO;9;0.98
PFO;10;1.01
PFO;11;0.92
PFO;12;0.82
PIK;1;1.06
PIK;2;0.91
PIK;3;1.07
PIK;4;1.0
PIK;5;0.99
PIK;6;0.96
PIK;7;1.01
PIK;8;1.09
PIK;9;1.04
PIK;10;1.01
PIK;11;0.96
PIK;12;0.92
PIT;1;1.09
PIT;2;0.9
PIT;3;1.14
PIT;4;0.93
PIT;5;0.92
PIT;6;0.87
PIT;7;0.99
PIT;8;1.06
PIT;9;0.98
PIT;10;1.2
PIT;11;0.99
PIT;12;0.93
PLS;1;1.24
PLS;2;1.03
PLS;3;1.16
PLS;4;1.08
PLS;5;0.96
PLS;6;0.91
PLS;7;1.04
PLS;8;0.97
PLS;9;0.87
PLS;10;0.89
PLS;11;0.88
PLS;12;0.99
PLU;1;1.11
PLU;2;0.86
PLU;3;0.95
PLU;4;0.91
PLU;5;0.94
PLU;6;1.07
PLU;7;1.07
PLU;8;1.03
PLU;9;0.91
PLU;10;0.98
PLU;11;1.06
PLU;12;1.11
PMO;1;1.17
PMO;2;0.89
PMO;3;1.05
PMO;4;1.0
PMO;5;1.02
PMO;6;0.95
PMO;7;1.07
PMO;8;1.02
PMO;9;0.96
PMO;10;0.93
PMO;11;0.98
PMO;12;0.96
PMV;1;1.07
PMV;2;0.97
PMV;3;1.06
PMV;4;0.94
PMV;5;0.93
PMV;6;0.9
PMV;7;1.09
PMV;8;1.07
PMV;9;0.97
PMV;10;0.99
PMV;11;0.98
PMV;12;1.03
POA;1;1.11
POA;2;0.9
POA;3;0.97
POA;4;0.91
POA;5;1.29
POA;6;1.01
POA;7;1.08
POA;8;0.97
POA;9;0.87
POA;10;0.96
POA;11;0.94
POA;12;0.98
POM;1;1.09
POM;2;0.89
POM;3;0.94
POM;4;0.91
POM;5;1.17
POM;6;0.95
POM;7;0.98
POM;8;1.01
POM;9;1.04
POM;10;0.95
POM;11;1.12
POM;12;0.94
POP;1;0.97
POP;2;0.88
POP;3;1.11
POP;4;0.99
POP;5;1.17
POP;6;1.05
POP;7;1.2
POP;8;1.03
POP;9;0.87
POP;10;0.9
POP;11;0.86
POP;12;0.98
POS;1;1.02
POS;2;0.89
POS;3;0.98
POS;4;0.93
POS;5;0.95
POS;6;0.99
POS;7;1.27
POS;8;1.12
POS;9;0.97
POS;10;0.93
POS;11;0.99
POS;12;0.98
POZ;1;1.1
POZ;2;0.94
POZ;3;1.14
POZ;4;0.99
POZ;5;0.98
POZ;6;0.97
POZ;7;1.08
POZ;8;0.97
POZ;9;0.94
POZ;10;1.0
POZ;11;0.97
POZ;12;0.92
PPT;1;1.06
PPT;2;0.89
PPT;3;0.95
PPT;4;0.91
PPT;5;0.92
PPT;6;0.88
PPT;7;1.51
PPT;8;1.27
PPT;9;0.85
PPT;10;0.91
PPT;11;0.91
PPT;12;0.94
PRN;1;1.03
PRN;2;0.99
PRN;3;1.04
PRN;4;0.87
PRN;5;0.98
PRN;6;1.05
PRN;7;1.04
PRN;8;1.04
PRN;9;0.98
PRN;10;0.95
PRN;11;1.05
PRN;12;0.98
PSA;1;1.02
PSA;2;0.92
PSA;3;1.02
PSA;4;1.05
PSA;5;1.1
PSA;6;1.03
PSA;7;1.08
PSA;8;1.08
PSA;9;0.99
PSA;10;0.97
PSA;11;0.87
PSA;12;0.89
PTP;1;1.2
PTP;2;0.96
PTP;3;0.99
PTP;4;0.87
PTP;5;0.83
PTP;6;0.89
PTP;7;1.02
PTP;8;1.05
PTP;9;0.87
PTP;10;1.0
PTP;11;1.12
PTP;12;1.2
PUJ;1;1.4
PUJ;2;1.13
PUJ;3;1.32
PUJ;4;1.08
PUJ;5;0.99
PUJ;6;1.03
PUJ;7;0.92
PUJ;8;0.87
PUJ;9;0.74
PUJ;10;0.76
PUJ;11;0.83
PUJ;12;0.93
PUY;1;0.97
PUY;2;0.85
PUY;3;0.95
PUY;4;1.0
PUY;5;1.1
PUY;6;1.14
PUY;7;1.35
PUY;8;1.26
PUY;9;1.0
PUY;10;0.82
PUY;11;0.75
PUY;12;0.8
PVR;1;1.41
PVR;2;1.19
PVR;3;1.24
PVR;4;1.01
PVR;5;0.89
PVR;6;0.84
PVR;7;0.91
PVR;8;0.85
PVR;9;0.75
PVR;10;0.91
PVR;11;0.93
PVR;12;1.05
RAI;1;1.31
RAI;2;1.01
RAI;3;1.03
RAI;4;0.88
RAI;5;0.9
RAI;6;0.96
RAI;7;0.98
RAI;8;1.06
RAI;9;0.98
RAI;10;0.96
RAI;11;0.96
RAI;12;0.96
RAK;1;1.09
RAK;2;0.94
RAK;3;1.05
RAK;4;1.01
RAK;5;0.93
RAK;6;0.84
RAK;7;0.83
RAK;8;0.84
RAK;9;1.35
RAK;10;1.02
RAK;11;0.99
RAK;12;1.09
RAO;1;0.98
RAO;2;0.99
RAO;3;1.03
RAO;4;0.97
RAO;5;1.03
RAO;6;0.95
RAO;7;0.94
RAO;8;1.17
RAO;9;0.9
RAO;10;0.98
RAO;11;1.01
RAO;12;1.04
RDU;1;1.08
RDU;2;0.93
RDU;3;1.05
RDU;4;1.02
RDU;5;1.09
RDU;6;0.91
RDU;7;0.98
RDU;8;0.98
RDU;9;1.05
RDU;10;1.02
RDU;11;0.96
RDU;12;0.93
REC;1;1.1
REC;2;0.97
REC;3;1.06
REC;4;0.96
REC;5;0.94
REC;6;0.94
REC;7;1.02
REC;8;1.01
REC;9;0.93
REC;10;0.99
REC;11;1.05
REC;12;1.02
RGN;1;1.11
RGN;2;0.92
RGN;3;1.0
RGN;4;0.95
RGN;5;0.99
RGN;6;0.87
RGN;7;0.99
RGN;8;1.13
RGN;9;1.02
RGN;10;1.0
RGN;11;1.02
RGN;12;0.99
RHO;1;0.95
RHO;2;0.8
RHO;3;0.87
RHO;4;0.95
RHO;5;1.07
RHO;6;1.11
RHO;7;1.63
RHO;8;1.16
RHO;9;1.03
RHO;10;0.95
RHO;11;0.8
RHO;12;0.68
RIX;1;1.05
RIX;2;0.98
RIX;3;1.14
RIX;4;0.96
RIX;5;1.01
RIX;6;0.96
RIX;7;1.05
RIX;8;1.07
RIX;9;1.0
RIX;10;0.96
RIX;11;0.92
RIX;12;0.91
RMQ;1;1.09
RMQ;2;0.92
RMQ;3;1.2
RMQ;4;1.02
RMQ;5;0.93
RMQ;6;0.86
RMQ;7;0.94
RMQ;8;1.04
RMQ;9;0.93
RMQ;10;1.02
RMQ;11;1.04
RMQ;12;1.0
RSW;1;1.1
RSW;2;0.97
RSW;3;1.04
RSW;4;0.86
RSW;5;0.78
RSW;6;0.75
RSW;7;0.82
RSW;8;0.87
RSW;9;1.56
RSW;10;1.44
RSW;11;0.86
RSW;12;0.94
RTB;1;1.22
RTB;2;1.1
RTB;3;1.19
RTB;4;1.09
RTB;5;0.93
RTB;6;0.98
RTB;7;1.04
RTB;8;0.99
RTB;9;0.84
RTB;10;0.81
RTB;11;0.82
RTB;12;0.98
RTM;1;1.04
RTM;2;0.98
RTM;3;1.05
RTM;4;1.03
RTM;5;1.01
RTM;6;0.95
RTM;7;1.0
RTM;8;1.04
RTM;9;1.01
RTM;10;1.06
RTM;11;0.97
RTM;12;0.87
RUN;1;0.89
RUN;2;0.75
RUN;3;0.85
RUN;4;0.81
RUN;5;0.87
RUN;6;0.86
RUN;7;0.85
RUN;8;0.81
RUN;9;0.74
RUN;10;0.75
RUN;11;0.8
RUN;12;3.01
RZE;1;0.93
RZE;2;1.04
RZE;3;1.46
RZE;4;1.02
RZE;5;0.99
RZE;6;0.89
RZE;7;1.03
RZE;8;1.03
RZE;9;0.91
RZE;10;0.91
RZE;11;0.91
RZE;12;0.88
SAH;1;1.69
SAH;2;0.84
SAH;3;1.01
SAH;4;0.98
SAH;5;0.76
SAH;6;0.87
SAH;7;0.82
SAH;8;0.79
SAH;9;0.76
SAH;10;1.03
SAH;11;1.01
SAH;12;1.44
SAL;1;1.1
SAL;2;1.2
SAL;3;1.12
SAL;4;0.95
SAL;5;0.95
SAL;6;1.04
SAL;7;0.9
SAL;8;0.86
SAL;9;0.98
SAL;10;0.96
SAL;11;1.06
SAL;12;0.87
SAP;1;1.11
SAP;2;0.98
SAP;3;0.98
SAP;4;0.9
SAP;5;0.93
SAP;6;0.96
SAP;7;0.97
SAP;8;0.95
SAP;9;0.89
SAP;10;1.22
SAP;11;1.18
SAP;12;0.92
SAT;1;1.12
SAT;2;0.92
SAT;3;1.07
SAT;4;1.08
SAT;5;1.05
SAT;6;0.96
SAT;7;1.0
SAT;8;0.96
SAT;9;0.9
SAT;10;0.97
SAT;11;0.99
SAT;12;0.98
SCO;1;1.15
SCO;2;0.83
SCO;3;0.95
SCO;4;0.89
SCO;5;0.88
SCO;6;0.85
SCO;7;0.9
SCO;8;0.96
SCO;9;0.93
SCO;10;0.98
SCO;11;0.94
SCO;12;1.73
SCQ;1;1.04
SCQ;2;0.92
SCQ;3;1.02
SCQ;4;1.02
SCQ;5;1.06
SCQ;6;1.0
SCQ;7;1.08
SCQ;8;1.1
SCQ;9;0.98
SCQ;10;0.96
SCQ;11;0.94
SCQ;12;0.88
SDJ;1;1.1
SDJ;2;1.04
SDJ;3;1.09
SDJ;4;0.99
SDJ;5;0.93
SDJ;6;0.92
SDJ;7;0.99
SDJ;8;1.03
SDJ;9;0.92
SDJ;10;0.98
SDJ;11;1.02
SDJ;12;0.99
SDQ;1;1.08
SDQ;2;0.98
SDQ;3;1.11
SDQ;4;0.96
SDQ;5;1.02
SDQ;6;0.96
SDQ;7;0.97
SDQ;8;0.99
SDQ;9;0.93
SDQ;10;1.01
SDQ;11;1.03
SDQ;12;0.95
SDR;1;1.07
SDR;2;0.9
SDR;3;1.02
SDR;4;1.02
SDR;5;1.07
SDR;6;1.01
SDR;7;1.15
SDR;8;1.15
SDR;9;1.07
SDR;10;0.95
SDR;11;0.82
SDR;12;0.77
SDU;1;1.09
SDU;2;0.98
SDU;3;1.08
SDU;4;0.93
SDU;5;0.98
SDU;6;0.91
SDU;7;1.05
SDU;8;1.09
SDU;9;0.94
SDU;10;0.95
SDU;11;1.04
SDU;12;0.97
SEN;1;1.13
SEN;2;0.95
SEN;3;1.05
SEN;4;1.02
SEN;5;1.0
SEN;6;0.94
SEN;7;0.97
SEN;8;0.99
SEN;9;0.98
SEN;10;1.0
SEN;11;1.0
SEN;12;0.97
SEZ;1;0.98
SEZ;2;0.85
SEZ;3;0.97
SEZ;4;0.85
SEZ;5;0.99
SEZ;6;0.87
SEZ;7;0.84
SEZ;8;0.82
SEZ;9;0.81
SEZ;10;0.82
SEZ;11;0.87
SEZ;12;2.33
SFB;1;1.2
SFB;2;1.43
SFB;3;1.34
SFB;4;0.99
SFB;5;0.79
SFB;6;0.75
SFB;7;0.79
SFB;8;0.83
SFB;9;0.85
SFB;10;0.89
SFB;11;0.89
SFB;12;1.26
SID;1;1.34
SID;2;1.1
SID;3;1.01
SID;4;0.83
SID;5;0.82
SID;6;0.79
SID;7;0.91
SID;8;1.01
SID;9;0.95
SID;10;1.0
SID;11;1.09
SID;12;1.15
SJC;1;1.06
SJC;2;0.94
SJC;3;1.0
SJC;4;0.96
SJC;5;0.95
SJC;6;0.87
SJC;7;0.96
SJC;8;1.11
SJC;9;0.98
SJC;10;1.1
SJC;11;1.1
SJC;12;0.96
SJD;1;1.33
SJD;2;1.05
SJD;3;1.15
SJD;4;0.97
SJD;5;0.9
SJD;6;0.88
SJD;7;0.95
SJD;8;0.92
SJD;9;0.91
SJD;10;0.92
SJD;11;1.0
SJD;12;1.01
SJJ;1;1.04
SJJ;2;1.08
SJJ;3;1.15
SJJ;4;1.01
SJJ;5;0.99
SJJ;6;0.93
SJJ;7;1.08
SJJ;8;1.02
SJJ;9;0.9
SJJ;10;0.97
SJJ;11;0.91
SJJ;12;0.92
SJO;1;1.17
SJO;2;1.03
SJO;3;1.11
SJO;4;0.99
SJO;5;0.95
SJO;6;0.97
SJO;7;0.94
SJO;8;0.94
SJO;9;0.9
SJO;10;0.93
SJO;11;1.05
SJO;12;1.01
SJU;1;1.08
SJU;2;0.9
SJU;3;1.02
SJU;4;0.94
SJU;5;0.97
SJU;6;0.83
SJU;7;0.95
SJU;8;0.92
SJU;9;0.89
SJU;10;1.01
SJU;11;0.94
SJU;12;1.56
SJW;1;1.01
SJW;2;0.93
SJW;3;1.13
SJW;4;0.97
SJW;5;0.99
SJW;6;0.93
SJW;7;0.99
SJW;8;1.08
SJW;9;0.97
SJW;10;1.0
SJW;11;1.03
SJW;12;0.98
SKG;1;1.05
SKG;2;0.91
SKG;3;1.08
SKG;4;1.01
SKG;5;1.02
SKG;6;0.96
SKG;7;1.06
SKG;8;1.11
SKG;9;1.03
SKG;10;0.99
SKG;11;0.95
SKG;12;0.84
SKP;1;1.03
SKP;2;0.97
SKP;3;1.09
SKP;4;0.94
SKP;5;1.01
SKP;6;1.02
SKP;7;1.04
SKP;8;1.04
SKP;9;0.99
SKP;10;0.98
SKP;11;0.99
SKP;12;0.89
SMF;1;1.07
SMF;2;1.0
SMF;3;1.11
SMF;4;1.12
SMF;5;1.03
SMF;6;0.97
SMF;7;1.08
SMF;8;1.03
SMF;9;0.9
SMF;10;0.95
SMF;11;0.92
SMF;12;0.83
SNA;1;1.06
SNA;2;0.89
SNA;3;1.05
SNA;4;0.97
SNA;5;0.98
SNA;6;0.95
SNA;7;1.01
SNA;8;1.11
SNA;9;0.97
SNA;10;0.98
SNA;11;1.1
SNA;12;0.92
SNN;1;1.35
SNN;2;0.93
SNN;3;1.13
SNN;4;0.98
SNN;5;0.94
SNN;6;0.88
SNN;7;0.99
SNN;8;1.0
SNN;9;0.96
SNN;10;1.02
SNN;11;0.92
SNN;12;0.9
SOF;1;1.07
SOF;2;0.97
SOF;3;1.09
SOF;4;0.98
SOF;5;0.97
SOF;6;0.93
SOF;7;1.0
SOF;8;1.02
SOF;9;1.01
SOF;10;1.05
SOF;11;1.0
SOF;12;0.91
SON;1;1.07
SON;2;0.92
SON;3;1.11
SON;4;0.95
SON;5;0.97
SON;6;0.96
SON;7;0.95
SON;8;1.06
SON;9;0.98
SON;10;0.98
SON;11;0.97
SON;12;1.07
SOU;1;1.0
SOU;2;0.89
SOU;3;0.93
SOU;4;0.95
SOU;5;0.93
SOU;6;1.12
SOU;7;1.05
SOU;8;0.96
SOU;9;0.86
SOU;10;1.1
SOU;11;0.88
SOU;12;1.32
SPU;1;0.9
SPU;2;0.76
SPU;3;0.9
SPU;4;0.97
SPU;5;1.14
SPU;6;1.26
SPU;7;1.51
SPU;8;1.27
SPU;9;1.09
SPU;10;0.85
SPU;11;0.67
SPU;12;0.68
SSA;1;1.12
SSA;2;0.95
SSA;3;1.05
SSA;4;0.96
SSA;5;0.97
SSA;6;1.01
SSA;7;0.99
SSA;8;1.01
SSA;9;0.92
SSA;10;0.98
SSA;11;1.03
SSA;12;1.02
SSH;1;1.02
SSH;2;0.87
SSH;3;0.89
SSH;4;0.84
SSH;5;0.81
SSH;6;0.76
SSH;7;0.92
SSH;8;0.98
SSH;9;1.0
SSH;10;1.27
SSH;11;1.61
SSH;12;1.02
STL;1;1.1
STL;2;0.98
STL;3;1.03
STL;4;1.0
STL;5;1.01
STL;6;1.01
STL;7;0.99
STL;8;1.07
STL;9;0.94
STL;10;1.0
STL;11;0.95
STL;12;0.93
STR;1;1.04
STR;2;0.93
STR;3;1.06
STR;4;1.02
STR;5;1.04
STR;6;1.01
STR;7;1.0
STR;8;1.02
STR;9;0.97
STR;10;1.0
STR;11;0.95
STR;12;0.95
STT;1;1.19
STT;2;1.06
STT;3;1.12
STT;4;0.97
STT;5;0.89
STT;6;0.93
STT;7;1.01
STT;8;1.01
STT;9;0.88
STT;10;0.92
STT;11;0.99
STT;12;1.03
SUF;1;0.95
SUF;2;0.9
SUF;3;0.99
SUF;4;1.02
SUF;5;1.07
SUF;6;1.09
SUF;7;1.26
SUF;8;1.17
SUF;9;1.01
SUF;10;1.01
SUF;11;0.77
SUF;12;0.75
SVG;1;1.01
SVG;2;0.89
SVG;3;1.0
SVG;4;0.93
SVG;5;1.14
SVG;6;1.0
SVG;7;1.05
SVG;8;1.17
SVG;9;1.02
SVG;10;0.94
SVG;11;0.89
SVG;12;0.96
SVQ;1;1.11
SVQ;2;0.98
SVQ;3;1.09
SVQ;4;1.1
SVQ;5;1.12
SVQ;6;0.93
SVQ;7;0.93
SVQ;8;0.93
SVQ;9;1.04
SVQ;10;1.01
SVQ;11;0.9
SVQ;12;0.87
SWA;1;1.04
SWA;2;1.01
SWA;3;1.09
SWA;4;1.07
SWA;5;0.96
SWA;6;0.89
SWA;7;1.1
SWA;8;0.98
SWA;9;0.92
SWA;10;1.0
SWA;11;0.96
SWA;12;0.99
SXB;1;1.01
SXB;2;0.81
SXB;3;0.95
SXB;4;0.94
SXB;5;0.96
SXB;6;1.02
SXB;7;1.0
SXB;8;0.94
SXB;9;0.91
SXB;10;0.95
SXB;11;0.97
SXB;12;1.55
SXM;1;0.77
SXM;2;0.6
SXM;3;0.66
SXM;4;0.56
SXM;5;0.52
SXM;6;0.53
SXM;7;0.54
SXM;8;0.57
SXM;9;0.54
SXM;10;0.54
SXM;11;0.61
SXM;12;5.57
SYX;1;1.07
SYX;2;0.86
SYX;3;1.07
SYX;4;1.0
SYX;5;0.91
SYX;6;0.84
SYX;7;0.99
SYX;8;1.33
SYX;9;0.9
SYX;10;0.92
SYX;11;1.01
SYX;12;1.11
SYZ;1;1.1
SYZ;2;1.0
SYZ;3;1.08
SYZ;4;1.11
SYZ;5;1.11
SYZ;6;0.92
SYZ;7;0.91
SYZ;8;0.94
SYZ;9;0.93
SYZ;10;1.07
SYZ;11;0.93
SYZ;12;0.9
SZB;1;1.01
SZB;2;0.93
SZB;3;1.04
SZB;4;1.07
SZB;5;1.17
SZB;6;0.98
SZB;7;1.11
SZB;8;1.0
SZB;9;0.9
SZB;10;0.96
SZB;11;0.96
SZB;12;0.87
SZG;1;1.03
SZG;2;0.85
SZG;3;0.95
SZG;4;1.01
SZG;5;0.97
SZG;6;0.92
SZG;7;1.0
SZG;8;1.03
SZG;9;1.03
SZG;10;1.03
SZG;11;0.93
SZG;12;1.26
TAS;1;1.03
TAS;2;0.92
TAS;3;1.17
TAS;4;1.03
TAS;5;1.01
TAS;6;0.93
TAS;7;0.94
TAS;8;0.98
TAS;9;1.06
TAS;10;1.07
TAS;11;0.94
TAS;12;0.92
TBS;1;1.03
TBS;2;0.98
TBS;3;1.24
TBS;4;0.96
TBS;5;0.99
TBS;6;1.02
TBS;7;0.96
TBS;8;0.97
TBS;9;1.0
TBS;10;0.99
TBS;11;0.94
TBS;12;0.92
TBZ;1;1.03
TBZ;2;0.94
TBZ;3;0.97
TBZ;4;0.98
TBZ;5;1.29
TBZ;6;0.91
TBZ;7;0.93
TBZ;8;1.01
TBZ;9;0.93
TBZ;10;1.05
TBZ;11;0.97
TBZ;12;0.99
TFN;1;1.31
TFN;2;1.03
TFN;3;1.06
TFN;4;0.94
TFN;5;0.88
TFN;6;0.94
TFN;7;0.99
TFN;8;1.05
TFN;9;0.95
TFN;10;0.92
TFN;11;0.96
TFN;12;0.97
TFS;1;1.31
TFS;2;1.03
TFS;3;1.06
TFS;4;0.94
TFS;5;0.88
TFS;6;0.94
TFS;7;0.99
TFS;8;1.05
TFS;9;0.95
TFS;10;0.92
TFS;11;0.96
TFS;12;0.97
TGD;1;1.03
TGD;2;0.91
TGD;3;1.14
TGD;4;0.96
TGD;5;0.99
TGD;6;1.02
TGD;7;1.19
TGD;8;1.1
TGD;9;0.96
TGD;10;0.92
TGD;11;0.92
TGD;12;0.85
TGU;1;1.07
TGU;2;0.96
TGU;3;1.05
TGU;4;0.93
TGU;5;0.93
TGU;6;1.14
TGU;7;1.02
TGU;8;1.0
TGU;9;1.0
TGU;10;1.04
TGU;11;0.98
TGU;12;0.89
THR;1;1.05
THR;2;0.89
THR;3;0.94
THR;4;1.08
THR;5;1.06
THR;6;0.93
THR;7;0.93
THR;8;1.01
THR;9;0.98
THR;10;1.21
THR;11;0.98
THR;12;0.95
TIA;1;1.05
TIA;2;0.92
TIA;3;1.06
TIA;4;0.98
TIA;5;1.14
TIA;6;0.98
TIA;7;0.97
TIA;8;0.98
TIA;9;1.0
TIA;10;0.97
TIA;11;1.03
TIA;12;0.91
TIJ;1;1.09
TIJ;2;0.92
TIJ;3;1.01
TIJ;4;0.93
TIJ;5;1.13
TIJ;6;0.93
TIJ;7;0.99
TIJ;8;1.2
TIJ;9;0.94
TIJ;10;0.93
TIJ;11;0.99
TIJ;12;0.94
TIP;1;0.88
TIP;2;0.79
TIP;3;0.83
TIP;4;0.79
TIP;5;0.74
TIP;6;0.72
TIP;7;0.74
TIP;8;0.8
TIP;9;1.0
TIP;10;1.14
TIP;11;1.16
TIP;12;2.41
TLC;1;1.05
TLC;2;0.97
TLC;3;0.97
TLC;4;0.91
TLC;5;0.95
TLC;6;0.87
TLC;7;0.98
TLC;8;1.05
TLC;9;0.92
TLC;10;1.15
TLC;11;1.15
TLC;12;1.03
TLL;1;1.05
TLL;2;0.98
TLL;3;1.08
TLL;4;0.94
TLL;5;1.0
TLL;6;0.96
TLL;7;1.05
TLL;8;1.13
TLL;9;0.97
TLL;10;0.92
TLL;11;0.96
TLL;12;0.96
TLS;1;1.1
TLS;2;0.93
TLS;3;1.04
TLS;4;1.0
TLS;5;1.01
TLS;6;0.96
TLS;7;1.12
TLS;8;1.03
TLS;9;0.97
TLS;10;0.97
TLS;11;0.95
TLS;12;0.92
TNA;1;1.18
TNA;2;1.21
TNA;3;1.03
TNA;4;0.97
TNA;5;0.96
TNA;6;0.9
TNA;7;0.98
TNA;8;1.05
TNA;9;0.93
TNA;10;0.96
TNA;11;0.91
TNA;12;0.92
TNG;1;1.06
TNG;2;0.86
TNG;3;0.98
TNG;4;0.97
TNG;5;0.93
TNG;6;0.94
TNG;7;1.07
TNG;8;0.99
TNG;9;0.95
TNG;10;0.96
TNG;11;0.91
TNG;12;1.39
TNR;1;1.1
TNR;2;0.96
TNR;3;1.02
TNR;4;0.94
TNR;5;0.97
TNR;6;0.92
TNR;7;1.15
TNR;8;0.93
TNR;9;1.1
TNR;10;0.97
TNR;11;0.97
TNR;12;0.96
TOS;1;0.8
TOS;2;0.65
TOS;3;0.74
TOS;4;0.65
TOS;5;0.79
TOS;6;1.51
TOS;7;0.97
TOS;8;1.05
TOS;9;0.93
TOS;10;1.17
TOS;11;1.25
TOS;12;1.48
TPS;1;1.14
TPS;2;1.06
TPS;3;1.02
TPS;4;1.0
TPS;5;1.05
TPS;6;1.0
TPS;7;1.08
TPS;8;1.08
TPS;9;1.03
TPS;10;0.94
TPS;11;0.82
TPS;12;0.78
TRD;1;1.04
TRD;2;0.93
TRD;3;0.95
TRD;4;0.84
TRD;5;0.96
TRD;6;0.93
TRD;7;1.04
TRD;8;1.13
TRD;9;0.91
TRD;10;0.9
TRD;11;0.96
TRD;12;1.4
TRF;1;1.0
TRF;2;0.88
TRF;3;1.03
TRF;4;0.92
TRF;5;1.09
TRF;6;1.03
TRF;7;1.06
TRF;8;1.12
TRF;9;0.94
TRF;10;1.02
TRF;11;0.93
TRF;12;0.96
TRN;1;1.09
TRN;2;1.03
TRN;3;1.01
TRN;4;0.99
TRN;5;1.06
TRN;6;0.88
TRN;7;1.17
TRN;8;1.0
TRN;9;0.91
TRN;10;0.93
TRN;11;1.0
TRN;12;0.92
TRV;1;1.12
TRV;2;0.93
TRV;3;1.06
TRV;4;0.94
TRV;5;0.95
TRV;6;0.87
TRV;7;0.94
TRV;8;1.07
TRV;9;1.03
TRV;10;1.04
TRV;11;1.07
TRV;12;0.97
TSF;1;1.07
TSF;2;0.9
TSF;3;0.98
TSF;4;0.98
TSF;5;1.02
TSF;6;0.99
TSF;7;1.04
TSF;8;1.06
TSF;9;1.05
TSF;10;1.02
TSF;11;1.07
TSF;12;0.82
TSR;1;1.0
TSR;2;0.92
TSR;3;1.08
TSR;4;1.02
TSR;5;1.02
TSR;6;0.95
TSR;7;1.01
TSR;8;1.05
TSR;9;0.97
TSR;10;0.94
TSR;11;0.99
TSR;12;1.06
TUN;1;1.05
TUN;2;0.88
TUN;3;1.01
TUN;4;0.96
TUN;5;0.96
TUN;6;1.1
TUN;7;1.07
TUN;8;0.97
TUN;9;0.98
TUN;10;1.0
TUN;11;1.07
TUN;12;0.95
TXN;1;0.91
TXN;2;0.96
TXN;3;1.09
TXN;4;0.98
TXN;5;0.95
TXN;6;0.91
TXN;7;0.96
TXN;8;1.03
TXN;9;1.14
TXN;10;1.13
TXN;11;0.95
TXN;12;0.98
TYN;1;1.0
TYN;2;1.09
TYN;3;1.14
TYN;4;0.9
TYN;5;0.96
TYN;6;0.84
TYN;7;0.92
TYN;8;0.96
TYN;9;0.98
TYN;10;1.07
TYN;11;0.99
TYN;12;1.16
UIO;1;1.12
UIO;2;0.9
UIO;3;0.98
UIO;4;0.96
UIO;5;0.91
UIO;6;0.9
UIO;7;0.94
UIO;8;1.06
UIO;9;0.99
UIO;10;1.02
UIO;11;1.12
UIO;12;1.09
UPG;1;1.04
UPG;2;0.88
UPG;3;1.0
UPG;4;1.0
UPG;5;0.97
UPG;6;0.93
UPG;7;0.99
UPG;8;1.04
UPG;9;1.06
UPG;10;1.11
UPG;11;1.02
UPG;12;0.97
URC;1;0.99
URC;2;0.87
URC;3;0.96
URC;4;0.95
URC;5;0.92
URC;6;0.9
URC;7;1.06
URC;8;0.99
URC;9;0.94
URC;10;0.97
URC;11;1.29
URC;12;1.16
USM;1;1.32
USM;2;1.01
USM;3;1.44
USM;4;0.92
USM;5;0.86
USM;6;0.83
USM;7;0.91
USM;8;0.94
USM;9;0.88
USM;10;0.9
USM;11;0.95
USM;12;1.03
UVF;1;1.13
UVF;2;0.9
UVF;3;1.01
UVF;4;0.88
UVF;5;1.02
UVF;6;0.88
UVF;7;0.97
UVF;8;1.19
UVF;9;1.07
UVF;10;1.06
UVF;11;0.99
UVF;12;0.91
VCE;1;1.07
VCE;2;0.9
VCE;3;0.98
VCE;4;0.98
VCE;5;1.02
VCE;6;0.99
VCE;7;1.04
VCE;8;1.06
VCE;9;1.05
VCE;10;1.02
VCE;11;1.07
VCE;12;0.82
VLC;1;1.08
VLC;2;0.93
VLC;3;1.03
VLC;4;1.04
VLC;5;1.05
VLC;6;0.9
VLC;7;0.95
VLC;8;0.96
VLC;9;0.95
VLC;10;1.11
VLC;11;1.19
VLC;12;0.81
VLI;1;1.01
VLI;2;0.87
VLI;3;0.98
VLI;4;0.88
VLI;5;0.91
VLI;6;0.9
VLI;7;0.91
VLI;8;0.91
VLI;9;0.85
VLI;10;0.95
VLI;11;0.88
VLI;12;1.95
VNO;1;0.92
VNO;2;0.81
VNO;3;1.12
VNO;4;0.87
VNO;5;0.87
VNO;6;0.83
VNO;7;0.97
VNO;8;0.89
VNO;9;0.82
VNO;10;0.81
VNO;11;0.81
VNO;12;2.26
VRA;1;1.33
VRA;2;1.17
VRA;3;1.27
VRA;4;1.09
VRA;5;0.92
VRA;6;0.81
VRA;7;0.93
VRA;8;0.92
VRA;9;0.85
VRA;10;0.84
VRA;11;0.9
VRA;12;0.97
VRN;1;1.03
VRN;2;0.93
VRN;3;0.99
VRN;4;1.05
VRN;5;1.06
VRN;6;0.99
VRN;7;1.04
VRN;8;1.05
VRN;9;1.21
VRN;10;0.95
VRN;11;0.87
VRN;12;0.83
VTE;1;1.09
VTE;2;0.93
VTE;3;0.97
VTE;4;0.96
VTE;5;0.95
VTE;6;0.9
VTE;7;0.98
VTE;8;0.98
VTE;9;1.05
VTE;10;1.04
VTE;11;1.12
VTE;12;1.02
VVI;1;1.03
VVI;2;0.92
VVI;3;0.97
VVI;4;0.91
VVI;5;0.95
VVI;6;1.02
VVI;7;0.97
VVI;8;0.96
VVI;9;1.02
VVI;10;1.05
VVI;11;1.27
VVI;12;0.95
WDH;1;1.14
WDH;2;1.0
WDH;3;0.99
WDH;4;0.98
WDH;5;0.97
WDH;6;0.96
WDH;7;0.96
WDH;8;1.0
WDH;9;1.1
WDH;10;1.04
WDH;11;0.94
WDH;12;0.93
WMI;1;1.05
WMI;2;0.96
WMI;3;1.18
WMI;4;1.0
WMI;5;0.99
WMI;6;0.92
WMI;7;0.97
WMI;8;1.08
WMI;9;0.96
WMI;10;1.0
WMI;11;0.98
WMI;12;0.92
WNZ;1;1.11
WNZ;2;0.87
WNZ;3;1.06
WNZ;4;1.07
WNZ;5;1.08
WNZ;6;0.9
WNZ;7;0.94
WNZ;8;1.05
WNZ;9;0.98
WNZ;10;0.98
WNZ;11;0.93
WNZ;12;1.04
WRO;1;1.02
WRO;2;0.91
WRO;3;1.04
WRO;4;0.99
WRO;5;0.96
WRO;6;0.94
WRO;7;1.03
WRO;8;1.06
WRO;9;1.05
WRO;10;1.08
WRO;11;0.95
WRO;12;0.97
WUX;1;1.04
WUX;2;0.88
WUX;3;1.08
WUX;4;1.06
WUX;5;1.08
WUX;6;0.92
WUX;7;0.98
WUX;8;1.0
WUX;9;1.0
WUX;10;1.04
WUX;11;0.98
WUX;12;0.95
XNN;1;1.09
XNN;2;0.93
XNN;3;1.19
XNN;4;1.05
XNN;5;0.89
XNN;6;0.85
XNN;7;0.92
XNN;8;0.94
XNN;9;0.95
XNN;10;0.98
XNN;11;0.99
XNN;12;1.24
XRY;1;1.03
XRY;2;0.9
XRY;3;1.05
XRY;4;1.1
XRY;5;1.08
XRY;6;0.95
XRY;7;0.97
XRY;8;1.17
XRY;9;1.01
XRY;10;1.01
XRY;11;0.88
XRY;12;0.86
XUZ;1;0.94
XUZ;2;1.02
XUZ;3;1.05
XUZ;4;0.98
XUZ;5;0.97
XUZ;6;0.92
XUZ;7;1.01
XUZ;8;1.1
XUZ;9;1.1
XUZ;10;1.01
XUZ;11;0.94
XUZ;12;0.95
YCU;1;0.91
YCU;2;0.91
YCU;3;0.97
YCU;4;0.91
YCU;5;0.93
YCU;6;0.89
YCU;7;0.92
YCU;8;0.85
YCU;9;2.02
YCU;10;0.89
YCU;11;0.89
YCU;12;0.91
YEG;1;1.08
YEG;2;0.91
YEG;3;0.93
YEG;4;0.94
YEG;5;1.18
YEG;6;1.3
YEG;7;0.99
YEG;8;0.95
YEG;9;0.91
YEG;10;0.95
YEG;11;0.97
YEG;12;0.91
YHZ;1;1.01
YHZ;2;0.83
YHZ;3;0.88
YHZ;4;0.88
YHZ;5;0.92
YHZ;6;0.98
YHZ;7;1.02
YHZ;8;1.78
YHZ;9;1.06
YHZ;10;0.96
YHZ;11;0.86
YHZ;12;0.84
YNT;1;1.03
YNT;2;0.94
YNT;3;1.09
YNT;4;1.03
YNT;5;0.99
YNT;6;0.96
YNT;7;1.02
YNT;8;1.02
YNT;9;0.97
YNT;10;0.98
YNT;11;0.97
YNT;12;1.01
YOW;1;1.16
YOW;2;1.08
YOW;3;1.01
YOW;4;0.92
YOW;5;0.92
YOW;6;0.9
YOW;7;1.06
YOW;8;1.0
YOW;9;1.04
YOW;10;1.01
YOW;11;0.95
YOW;12;0.95
YQB;1;1.06
YQB;2;0.89
YQB;3;0.92
YQB;4;0.89
YQB;5;0.99
YQB;6;1.02
YQB;7;1.07
YQB;8;1.07
YQB;9;1.1
YQB;10;1.03
YQB;11;0.91
YQB;12;1.05
YQT;1;1.06
YQT;2;0.96
YQT;3;0.99
YQT;4;0.93
YQT;5;0.99
YQT;6;1.05
YQT;7;1.12
YQT;8;1.08
YQT;9;0.98
YQT;10;0.98
YQT;11;0.95
YQT;12;0.93
YTZ;1;1.09
YTZ;2;0.93
YTZ;3;1.01
YTZ;4;0.99
YTZ;5;1.0
YTZ;6;1.04
YTZ;7;1.1
YTZ;8;1.05
YTZ;9;0.99
YTZ;10;0.97
YTZ;11;0.94
YTZ;12;0.89
YWG;1;1.12
YWG;2;0.95
YWG;3;0.96
YWG;4;1.1
YWG;5;1.21
YWG;6;0.89
YWG;7;0.92
YWG;8;0.96
YWG;9;0.97
YWG;10;1.0
YWG;11;0.99
YWG;12;0.92
YWK;1;1.11
YWK;2;0.95
YWK;3;1.18
YWK;4;0.9
YWK;5;0.91
YWK;6;0.96
YWK;7;1.08
YWK;8;1.0
YWK;9;0.97
YWK;10;0.95
YWK;11;1.09
YWK;12;0.92
YYT;1;1.04
YYT;2;0.87
YYT;3;0.94
YYT;4;0.88
YYT;5;0.95
YYT;6;1.19
YYT;7;1.09
YYT;8;1.09
YYT;9;1.04
YYT;10;1.0
YYT;11;0.96
YYT;12;0.96
YZV;1;0.83
YZV;2;0.6
YZV;3;0.74
YZV;4;0.85
YZV;5;1.01
YZV;6;1.42
YZV;7;1.0
YZV;8;0.8
YZV;9;2.43
YZV;10;0.77
YZV;11;0.68
YZV;12;0.87
ZAD;1;0.85
ZAD;2;0.75
ZAD;3;0.89
ZAD;4;0.96
ZAD;5;1.07
ZAD;6;1.23
ZAD;7;1.65
ZAD;8;1.18
ZAD;9;0.99
ZAD;10;0.81
ZAD;11;0.69
ZAD;12;0.94
ZAG;1;1.01
ZAG;2;0.84
ZAG;3;0.99
ZAG;4;0.95
ZAG;5;0.98
ZAG;6;0.96
ZAG;7;1.44
ZAG;8;1.02
ZAG;9;0.98
ZAG;10;0.9
ZAG;11;0.92
ZAG;12;1.01
ZTH;1;0.97
ZTH;2;0.73
ZTH;3;0.81
ZTH;4;0.93
ZTH;5;1.16
ZTH;6;1.31
ZTH;7;1.68
ZTH;8;1.56
ZTH;9;1.12
ZTH;10;0.73
ZTH;11;0.51
ZTH;12;0.5
ZUH;1;0.99
ZUH;2;0.8
ZUH;3;1.27
ZUH;4;0.9
ZUH;5;0.89
ZUH;6;0.84
ZUH;7;0.85
ZUH;8;0.86
ZUH;9;0.96
ZUH;10;1.13
ZUH;11;1.59
ZUH;12;0.91
